scenario_id,repo,file_path,num_diff_files,num_diff_hunks,imports_involved,mergiraf_test_label,spork_test_label,gitmerge_ort_test_label,git-merge-file_norm,git-merge-file_raw,mergiraf_norm,mergiraf_raw,weave_norm,weave_raw,git-merge-file_rt,mergiraf_rt,weave_rt
adamd_z__da778dcb9c__src_com_adamldavis_z_Z.java,adamd_z,src/com/adamldavis/z/Z.java,19.0,71,True,Tests_passed,Tests_failed,Merge_failed,TN,TN,FP,FP,TN,TN,0.031,0.689,0.439
addthis_stream-lib__59ece5dc87__src_main_java_com_clearspring_analytics_stream_cardinality_HyperLogLogPlus.java,addthis_stream-lib,src/main/java/com/clearspring/analytics/stream/cardinality/HyperLogLogPlus.java,16.0,58,True,Tests_passed,Tests_passed,Tests_passed,TP,TP,TP,TP,TP,TP,0.024,0.367,0.337
addthis_stream-lib__a946396485__src_main_java_com_clearspring_analytics_stream_cardinality_HyperLogLogPlus.java,addthis_stream-lib,src/main/java/com/clearspring/analytics/stream/cardinality/HyperLogLogPlus.java,3.0,29,False,Merge_failed,Merge_failed,Merge_failed,TN,TN,TN,TN,TN,TN,0.017,0.633,0.38
addthis_stream-lib__db2ede7429__src_main_java_com_clearspring_analytics_stream_cardinality_HyperLogLog.java,addthis_stream-lib,src/main/java/com/clearspring/analytics/stream/cardinality/HyperLogLog.java,17.0,115,True,Tests_passed,Tests_passed,Merge_failed,TP,TP,TP,TP,TP,TP,0.014,0.263,0.285
addthis_stream-lib__e0a13b01fb__src_main_java_com_clearspring_analytics_stream_cardinality_HyperLogLogPlus.java,addthis_stream-lib,src/main/java/com/clearspring/analytics/stream/cardinality/HyperLogLogPlus.java,16.0,132,True,Merge_failed,Merge_failed,Merge_failed,TN,TN,TN,TN,TN,TN,0.014,0.753,0.394
addthis_stream-lib__e4a8d65ba1__src_main_java_com_clearspring_analytics_stream_cardinality_HyperLogLogPlus.java,addthis_stream-lib,src/main/java/com/clearspring/analytics/stream/cardinality/HyperLogLogPlus.java,15.0,43,True,Tests_passed,Tests_passed,Tests_passed,TP,TP,TP,TP,TP,TP,0.016,0.383,0.369
aerospike_aerospike-client-java__dfa7c50814__test_src_com_aerospike_test_util_Args.java,aerospike_aerospike-client-java,test/src/com/aerospike/test/util/Args.java,135.0,580,True,Tests_passed,Tests_passed,Tests_passed,TP,TP,TP,TP,TP,TP,0.019,0.302,0.249
aerospike_aerospike-client-java__ecf123c191__client_src_com_aerospike_client_query_PartitionTracker.java,aerospike_aerospike-client-java,client/src/com/aerospike/client/query/PartitionTracker.java,133.0,588,True,Tests_passed,Tests_passed,Tests_passed,TP,TP,TP,TP,TP,TP,0.015,0.283,0.254
apache_olingo-odata4__74587d98f5__lib_server-core-ext_src_main_java_org_apache_olingo_server_core_requests_DataRequest.java,apache_olingo-odata4,lib/server-core-ext/src/main/java/org/apache/olingo/server/core/requests/DataRequest.java,21.0,75,True,Tests_passed,Tests_failed,Tests_passed,TP,TP,TP,TP,TP,TP,0.013,0.263,0.317
aweber_rabbitmq-flume-plugin__710a5fb3b8__src_main_java_com_aweber_flume_source_rabbitmq_Consumer.java,aweber_rabbitmq-flume-plugin,src/main/java/com/aweber/flume/source/rabbitmq/Consumer.java,7.0,25,False,Tests_passed,Tests_passed,Merge_failed,TN,TN,FP,FP,TN,TN,0.016,0.829,0.555
brndnmtthws_hdfs__752d91ed4f__src_main_java_org_apache_mesos_hdfs_Scheduler.java,brndnmtthws_hdfs,src/main/java/org/apache/mesos/hdfs/Scheduler.java,26.0,194,True,Merge_failed,Tests_failed,Merge_failed,TN,TN,TN,TN,TN,TN,0.027,0.803,0.42
brndnmtthws_hdfs__e7e9b1047a__src_main_java_org_apache_mesos_hdfs_Scheduler.java,brndnmtthws_hdfs,src/main/java/org/apache/mesos/hdfs/Scheduler.java,14.0,124,True,Tests_passed,Tests_failed,Merge_failed,TN,TN,FP,FP,TN,TN,0.019,0.484,0.304
dakusui_jcunit__c3ec977b19__src_main_java_com_github_dakusui_jcunit_generators_PairwiseTestArrayGenerator.java,dakusui_jcunit,src/main/java/com/github/dakusui/jcunit/generators/PairwiseTestArrayGenerator.java,32.0,104,True,Tests_passed,Tests_failed,Merge_failed,TN,TN,TP,FP,TN,TN,0.019,0.377,0.375
datastax_java-driver__5c8faf0ec4__driver-core_src_main_java_com_datastax_driver_core_Cluster.java,datastax_java-driver,driver-core/src/main/java/com/datastax/driver/core/Cluster.java,157.0,1578,True,Merge_failed,Tests_failed,Merge_failed,TN,TN,FP,FP,TN,TN,0.018,0.581,0.361
davidmoten_rxjava-file__c7c2b3aa06__src_main_java_com_github_davidmoten_rx_FileObservable.java,davidmoten_rxjava-file,src/main/java/com/github/davidmoten/rx/FileObservable.java,7.0,56,True,Tests_passed,Tests_passed,Merge_failed,TN,TN,TP,FP,TN,TN,0.016,0.408,0.328
digidotcom_xbeejavalibrary__6279f85f74__src_com_digi_xbee_api_XBeeDevice.java,digidotcom_xbeejavalibrary,src/com/digi/xbee/api/XBeeDevice.java,72.0,492,True,Tests_failed,Tests_failed,Merge_failed,TN,TN,TN,TN,TN,TN,0.017,0.525,0.298
englishtown_vertx-elasticsearch-service__93c7adc9b1__src_main_java_com_englishtown_vertx_elasticsearch_ElasticSearch.java,englishtown_vertx-elasticsearch-service,src/main/java/com/englishtown/vertx/elasticsearch/ElasticSearch.java,5.0,28,True,Tests_passed,Tests_passed,Merge_failed,TP,FP,TP,FP,TP,FP,0.015,0.276,0.262
fasterxml_jackson-core__0524e8982c__src_main_java_com_fasterxml_jackson_core_Version.java,fasterxml_jackson-core,src/main/java/com/fasterxml/jackson/core/Version.java,54.0,376,True,Tests_passed,Merge_failed,Merge_failed,TN,TN,TN,TN,TN,TN,0.016,0.311,0.269
glamdring_aardwark__816b3dcbe2__src_main_java_bg_bozho_aardwark_StartupListener.java,glamdring_aardwark,src/main/java/bg/bozho/aardwark/StartupListener.java,4.0,18,True,Tests_passed,Tests_passed,Merge_failed,TN,TN,FP,FP,TN,TN,0.014,0.39,0.258
helun_ektorp__95fdd42218__org.ektorp.android_src_main_java_org_ektorp_android_http_AndroidHttpClient.java,helun_ektorp,org.ektorp.android/src/main/java/org/ektorp/android/http/AndroidHttpClient.java,17.0,113,True,Tests_passed,Tests_passed,Merge_failed,TN,TN,TP,FP,TN,TN,0.017,0.44,0.301
heronarts_lx__4fa8fcff07__src_main_java_heronarts_lx_midi_surface_APC40Mk2.java,heronarts_lx,src/main/java/heronarts/lx/midi/surface/APC40Mk2.java,37.0,214,True,Tests_passed,Merge_failed,Merge_failed,TN,TN,TN,TN,TN,TN,0.017,0.568,0.311
j256_ormlite-core__606986f118__src_main_java_com_j256_ormlite_field_FieldType.java,j256_ormlite-core,src/main/java/com/j256/ormlite/field/FieldType.java,74.0,554,True,Tests_failed,Tests_passed,Tests_failed,TP,TP,TP,TP,TP,TP,0.016,0.322,0.282
jboss-modules_jboss-modules__5e3d058d3c__src_main_java_org_jboss_modules_ModuleLoader.java,jboss-modules_jboss-modules,src/main/java/org/jboss/modules/ModuleLoader.java,21.0,87,True,Tests_passed,Tests_failed,Tests_passed,TP,TP,TP,TP,TP,TP,0.022,0.322,0.27
joel-costigliola_assertj-core__b1c7f26404__src_main_java_org_assertj_core_api_AbstractIterableAssert.java,joel-costigliola_assertj-core,src/main/java/org/assertj/core/api/AbstractIterableAssert.java,40.0,213,True,Tests_passed,Tests_failed,Merge_failed,TN,TN,TN,TN,TN,TN,0.015,0.371,0.344
jri_deepamehta__117efbac7c__modules_dm4-core_src_main_java_de_deepamehta_core_impl_PersistenceLayer.java,jri_deepamehta,modules/dm4-core/src/main/java/de/deepamehta/core/impl/PersistenceLayer.java,283.0,752,True,Tests_passed,Tests_passed,Merge_failed,TP,TP,TP,TP,TN,TN,0.015,0.318,0.286
jri_deepamehta__f9030aad4d__modules_dm4-accesscontrol_src_main_java_de_deepamehta_plugins_accesscontrol_AccessControlPlugin.java,jri_deepamehta,modules/dm4-accesscontrol/src/main/java/de/deepamehta/plugins/accesscontrol/AccessControlPlugin.java,94.0,659,True,Merge_failed,Tests_passed,Merge_failed,TN,TN,FP,FP,TN,TN,0.015,0.37,0.313
mambu-gmbh_mambu-apis-java__1da0e26ad5__src_com_mambu_apisdk_util_RequestExecutorImpl.java,mambu-gmbh_mambu-apis-java,src/com/mambu/apisdk/util/RequestExecutorImpl.java,9.0,61,True,Tests_passed,Tests_passed,Merge_failed,TN,TN,TN,TN,TN,TN,0.016,0.529,0.327
mongobee_mongobee__abf507930c__src_main_java_com_github_mongobee_Mongobee.java,mongobee_mongobee,src/main/java/com/github/mongobee/Mongobee.java,11.0,64,True,Tests_passed,Tests_passed,Merge_failed,TN,TN,TP,FP,TN,TN,0.014,0.308,0.301
movsim_movsim__a1a04271dd__src_main_java_org_movsim_simulator_roadSection_impl_UpstreamBoundaryImpl.java,movsim_movsim,src/main/java/org/movsim/simulator/roadSection/impl/UpstreamBoundaryImpl.java,17.0,67,True,Merge_failed,Tests_passed,Merge_failed,TN,TN,TN,TN,TN,TN,0.015,0.399,0.266
openpnp_openpnp__7be07e17b3__src_main_java_org_openpnp_machine_reference_feeder_BlindsFeeder.java,openpnp_openpnp,src/main/java/org/openpnp/machine/reference/feeder/BlindsFeeder.java,55.0,158,True,Tests_passed,Tests_failed,Tests_passed,TP,TP,TP,TP,TN,TN,0.015,0.302,0.338
pragmatists_junitparams__8f6c13ae04__src_main_java_junitparams_internal_Utils.java,pragmatists_junitparams,src/main/java/junitparams/internal/Utils.java,18.0,102,True,Tests_passed,Tests_passed,Merge_failed,TN,TN,TP,FP,TN,TN,0.015,0.323,0.27
segmentio_analytics-java__b5a96236e4__analytics_src_main_java_com_segment_analytics_internal_AnalyticsClient.java,segmentio_analytics-java,analytics/src/main/java/com/segment/analytics/internal/AnalyticsClient.java,24.0,111,True,Merge_failed,Tests_passed,Merge_failed,TN,TN,TP,FP,TN,TN,0.015,0.342,0.284
shazam_shazamcrest__218c417aaa__src_main_java_com_shazam_shazamcrest_matcher_DiagnosingCustomisableMatcher.java,shazam_shazamcrest,src/main/java/com/shazam/shazamcrest/matcher/DiagnosingCustomisableMatcher.java,20.0,90,True,Tests_passed,Tests_passed,Merge_failed,TN,TN,TP,TP,TP,FP,0.016,0.325,0.246
skyscreamer_jsonassert__8b2593cd74__src_main_java_org_skyscreamer_jsonassert_JSONAssert.java,skyscreamer_jsonassert,src/main/java/org/skyscreamer/jsonassert/JSONAssert.java,13.0,89,True,Tests_passed,Tests_passed,Merge_failed,TN,TN,FP,FP,TN,TN,0.014,0.306,0.266
ubervu_elasticsearch-river-github__261184e897__src_main_java_com_ubervu_river_github_GitHubRiver.java,ubervu_elasticsearch-river-github,src/main/java/com/ubervu/river/github/GitHubRiver.java,4.0,35,True,Merge_failed,Tests_passed,Merge_failed,TN,TN,TN,TN,TN,TN,0.017,0.387,0.256
uwolfer_gerrit-rest-java-client__8e688db702__src_main_java_com_urswolfer_gerrit_client_rest_http_GerritRestClient.java,uwolfer_gerrit-rest-java-client,src/main/java/com/urswolfer/gerrit/client/rest/http/GerritRestClient.java,80.0,264,True,Tests_failed,Tests_passed,Merge_failed,TN,TN,TN,TN,TN,TN,0.015,0.392,0.45
vkostyukov_la4j__ab74f88e4f__src_main_java_org_la4j_vector_AbstractVector.java,vkostyukov_la4j,src/main/java/org/la4j/vector/AbstractVector.java,25.0,56,True,Tests_passed,Merge_failed,Merge_failed,TN,TN,TN,TN,TN,TN,0.017,0.438,0.322
webjars_webjars-locator__15dd8b3a1a__src_main_java_org_webjars_WebJarAssetLocator.java,webjars_webjars-locator,src/main/java/org/webjars/WebJarAssetLocator.java,5.0,37,True,Tests_passed,Tests_passed,Merge_failed,TP,TP,TP,TP,TP,TP,0.015,0.372,0.284
