arm,merge_id,scenario_id,file_path,merge_outcome,category,JoernDataFlowInterference,JoernUnresolvedReference,JoernInfiniteLoop,JoernInvalidLoopBounds,RM2RenameConflict,file_verdict,runtime_s
pos,Activiti__50d8e43eb5__org.activiti.engine.impl.persistence.entity.DeploymentEntityManager,Activiti__50d8e43eb5__org.activiti.engine.impl.persistence.entity.DeploymentEntityManager,org/activiti/engine/impl/persistence/entity/DeploymentEntityManager.java,clean,none-of-7,CLEAN,CLEAN,CLEAN,CLEAN,CLEAN,CLEAN,82.572
pos,OpenTripPlanner__4c506dce43__org.opentripplanner.routing.spt.MultiShortestPathTree,OpenTripPlanner__4c506dce43__org.opentripplanner.routing.spt.MultiShortestPathTree,org/opentripplanner/routing/spt/MultiShortestPathTree.java,clean,2-cfi-short-circuit,CLEAN,CLEAN,CLEAN,CLEAN,CLEAN,CLEAN,81.928
pos,antlr4__69ff2669ee__org.antlr.v4.codegen.target.Python2Target,antlr4__69ff2669ee__org.antlr.v4.codegen.target.Python2Target,org/antlr/v4/codegen/target/Python2Target.java,clean,1-atomic-updates,CLEAN,CLEAN,CLEAN,CLEAN,CLEAN,CLEAN,79.878
pos,antlr4__69ff2669ee__org.antlr.v4.codegen.target.Python3Target,antlr4__69ff2669ee__org.antlr.v4.codegen.target.Python3Target,org/antlr/v4/codegen/target/Python3Target.java,clean,1-atomic-updates,CLEAN,CLEAN,CLEAN,CLEAN,CLEAN,CLEAN,79.443
pos,cloud-slang__20bac30d9b__io.cloudslang.lang.api.SlangImpl,cloud-slang__20bac30d9b__io.cloudslang.lang.api.SlangImpl,io/cloudslang/lang/api/SlangImpl.java,clean,1-atomic-updates,CLEAN,CLEAN,CLEAN,CLEAN,CLEAN,CLEAN,81.769
pos,crawler4j__6fdb8f27b5__edu.uci.ics.crawler4j.parser.Parser,crawler4j__6fdb8f27b5__edu.uci.ics.crawler4j.parser.Parser,edu/uci/ics/crawler4j/parser/Parser.java,clean,2-cfi-short-circuit,CLEAN,CLEAN,CLEAN,CLEAN,CLEAN,CLEAN,81.88
pos,elasticsearch-river-mongodb__3d4f99516b__org.elasticsearch.river.mongodb.Slurper,elasticsearch-river-mongodb__3d4f99516b__org.elasticsearch.river.mongodb.Slurper,org/elasticsearch/river/mongodb/Slurper.java,clean,3-dfi-stale-read,CLEAN,CLEAN,CLEAN,CLEAN,CLEAN,CLEAN,92.413
pos,fitnesse__4d9ba9d221__fitnesse.testsystems.slim.tables.SlimTableFactory,fitnesse__4d9ba9d221__fitnesse.testsystems.slim.tables.SlimTableFactory,fitnesse/testsystems/slim/tables/SlimTableFactory.java,clean,1-atomic-updates,CLEAN,CLEAN,CLEAN,CLEAN,CLEAN,CLEAN,81.683
pos,jsoup__3f7d2c71db__org.jsoup.helper.HttpConnection,jsoup__3f7d2c71db__org.jsoup.helper.HttpConnection,org/jsoup/helper/HttpConnection.java,clean,2-cfi-short-circuit,CLEAN,CLEAN,CLEAN,CLEAN,CLEAN,CLEAN,91.392
pos,jsoup__a44e18aa3c__org.jsoup.nodes.TextNode,jsoup__a44e18aa3c__org.jsoup.nodes.TextNode,org/jsoup/nodes/TextNode.java,clean,none-of-7,CLEAN,CLEAN,CLEAN,CLEAN,CLEAN,CLEAN,81.402
pos,jsoup__a8b6982de9__org.jsoup.helper.HttpConnection,jsoup__a8b6982de9__org.jsoup.helper.HttpConnection,org/jsoup/helper/HttpConnection.java,clean,2-cfi-short-circuit,CLEAN,CLEAN,CLEAN,CLEAN,CLEAN,CLEAN,95.65
pos,moshi__afb82cb3e8__com.squareup.moshi.ClassJsonAdapter,moshi__afb82cb3e8__com.squareup.moshi.ClassJsonAdapter,com/squareup/moshi/ClassJsonAdapter.java,clean,2-cfi-short-circuit,CLEAN,CLEAN,CLEAN,CLEAN,CLEAN,CLEAN,85.377
pos,netty__193acdb36c__org.jboss.netty.handler.codec.frame.LengthFieldBasedFrameDecoder,netty__193acdb36c__org.jboss.netty.handler.codec.frame.LengthFieldBasedFrameDecoder,org/jboss/netty/handler/codec/frame/LengthFieldBasedFrameDecoder.java,clean,none-of-7,CLEAN,CLEAN,CLEAN,CLEAN,CLEAN,CLEAN,82.375
pos,resty-gwt__867b917c43__org.fusesource.restygwt.rebind.DirectRestServiceInterfaceClassCreator,resty-gwt__867b917c43__org.fusesource.restygwt.rebind.DirectRestServiceInterfaceClassCreator,org/fusesource/restygwt/rebind/DirectRestServiceInterfaceClassCreator.java,clean,2-cfi-short-circuit,CLEAN,CLEAN,CLEAN,CLEAN,CLEAN,CLEAN,81.766
pos,retrofit__71f622ce51__retrofit.RequestBuilder,retrofit__71f622ce51__retrofit.RequestBuilder,retrofit/RequestBuilder.java,clean,1-atomic-updates,CLEAN,CLEAN,CLEAN,CLEAN,CLEAN,CLEAN,83.365
pos,storm__ad2be67883__org.apache.storm.kafka.spout.KafkaSpoutConfig,storm__ad2be67883__org.apache.storm.kafka.spout.KafkaSpoutConfig,org/apache/storm/kafka/spout/KafkaSpoutConfig.java,conflict,6-rename-family,,,,,,DIVERGED,0.246
pos,swagger-maven-plugin__e825a7fdc6__com.github.kongchen.swagger.docgen.reader.AbstractReader,swagger-maven-plugin__e825a7fdc6__com.github.kongchen.swagger.docgen.reader.AbstractReader,com/github/kongchen/swagger/docgen/reader/AbstractReader.java,conflict,1-atomic-updates,,,,,,DIVERGED,0.279
ctl,Activiti__bf46684ba6__org.activiti.engine.impl.bpmn.behavior.UserTaskActivityBehavior,Activiti__bf46684ba6__org.activiti.engine.impl.bpmn.behavior.UserTaskActivityBehavior,org/activiti/engine/impl/bpmn/behavior/UserTaskActivityBehavior.java,clean,none,CLEAN,CLEAN,CLEAN,CLEAN,CLEAN,CLEAN,84.214
ctl,HikariCP__1bca94af9e__com.zaxxer.hikari.HikariConfig,HikariCP__1bca94af9e__com.zaxxer.hikari.HikariConfig,com/zaxxer/hikari/HikariConfig.java,clean,none,CLEAN,CLEAN,CLEAN,CLEAN,CLEAN,CLEAN,83.967
ctl,MPAndroidChart__9297923f09__com.xxmassdeveloper.mpchartexample.LineChartActivity1,MPAndroidChart__9297923f09__com.xxmassdeveloper.mpchartexample.LineChartActivity1,com/xxmassdeveloper/mpchartexample/LineChartActivity1.java,clean,none,CLEAN,CLEAN,CLEAN,CLEAN,CLEAN,CLEAN,88.123
ctl,MPAndroidChart__9297923f09__com.xxmassdeveloper.mpchartexample.LineChartActivity2,MPAndroidChart__9297923f09__com.xxmassdeveloper.mpchartexample.LineChartActivity2,com/xxmassdeveloper/mpchartexample/LineChartActivity2.java,clean,none,CLEAN,CLEAN,CLEAN,CLEAN,CLEAN,CLEAN,87.422
ctl,MPAndroidChart__9297923f09__com.xxmassdeveloper.mpchartexample.RadarChartActivitry,MPAndroidChart__9297923f09__com.xxmassdeveloper.mpchartexample.RadarChartActivitry,com/xxmassdeveloper/mpchartexample/RadarChartActivitry.java,clean,none,CLEAN,CLEAN,CLEAN,CLEAN,CLEAN,CLEAN,84.303
ctl,MPAndroidChart__9297923f09__com.xxmassdeveloper.mpchartexample.StackedBarActivityNegative,MPAndroidChart__9297923f09__com.xxmassdeveloper.mpchartexample.StackedBarActivityNegative,com/xxmassdeveloper/mpchartexample/StackedBarActivityNegative.java,clean,none,CLEAN,CLEAN,CLEAN,CLEAN,CLEAN,CLEAN,85.241
ctl,MPAndroidChart__9531ba6989__com.github.mikephil.charting.renderer.PieChartRenderer,MPAndroidChart__9531ba6989__com.github.mikephil.charting.renderer.PieChartRenderer,com/github/mikephil/charting/renderer/PieChartRenderer.java,conflict,none,,,,,,DIVERGED,0.292
ctl,MPAndroidChart__af114d180d__com.xxmassdeveloper.mpchartexample.fragments.SimpleFragment,MPAndroidChart__af114d180d__com.xxmassdeveloper.mpchartexample.fragments.SimpleFragment,com/xxmassdeveloper/mpchartexample/fragments/SimpleFragment.java,clean,none,CLEAN,CLEAN,CLEAN,CLEAN,CLEAN,CLEAN,83.675
ctl,RxJava__1c47b0cb26__rx.concurrency.TestScheduler,RxJava__1c47b0cb26__rx.concurrency.TestScheduler,rx/concurrency/TestScheduler.java,clean,none,CLEAN,CLEAN,CLEAN,CLEAN,CLEAN,CLEAN,81.01
ctl,RxJava__a40a4130ed__rx.internal.operators.OperatorMulticast,RxJava__a40a4130ed__rx.internal.operators.OperatorMulticast,rx/internal/operators/OperatorMulticast.java,clean,none,CLEAN,CLEAN,CLEAN,CLEAN,CLEAN,CLEAN,80.518
ctl,SimianArmy__345ad9513a__com.netflix.simianarmy.basic.janitor.BasicJanitorMonkeyContext,SimianArmy__345ad9513a__com.netflix.simianarmy.basic.janitor.BasicJanitorMonkeyContext,com/netflix/simianarmy/basic/janitor/BasicJanitorMonkeyContext.java,clean,none,CLEAN,CLEAN,CLEAN,CLEAN,CLEAN,CLEAN,89.082
ctl,SimianArmy__c39c19bc6b__com.netflix.simianarmy.basic.BasicSimianArmyContext,SimianArmy__c39c19bc6b__com.netflix.simianarmy.basic.BasicSimianArmyContext,com/netflix/simianarmy/basic/BasicSimianArmyContext.java,clean,none,CLEAN,CLEAN,CLEAN,CLEAN,CLEAN,CLEAN,84.991
ctl,alluxio__dafe76c900__tachyon.hadoop.HdfsFileInputStream,alluxio__dafe76c900__tachyon.hadoop.HdfsFileInputStream,tachyon/hadoop/HdfsFileInputStream.java,clean,none,CLEAN,CLEAN,CLEAN,CLEAN,CLEAN,CLEAN,84.857
ctl,atmosphere__ffc0c6e274__org.atmosphere.cpr.AtmosphereConfig,atmosphere__ffc0c6e274__org.atmosphere.cpr.AtmosphereConfig,org/atmosphere/cpr/AtmosphereConfig.java,clean,none,CLEAN,CLEAN,CLEAN,CLEAN,CLEAN,CLEAN,81.031
ctl,cloud-slang__20bac30d9b__io.cloudslang.lang.api.SlangImplTest,cloud-slang__20bac30d9b__io.cloudslang.lang.api.SlangImplTest,io/cloudslang/lang/api/SlangImplTest.java,conflict,none,,,,,,DIVERGED,0.295
ctl,cucumber-jvm__4505c156b6__cuke4duke.internal.java.JavaLanguage,cucumber-jvm__4505c156b6__cuke4duke.internal.java.JavaLanguage,cuke4duke/internal/java/JavaLanguage.java,clean,none,CLEAN,CLEAN,CLEAN,CLEAN,CLEAN,CLEAN,81.061
ctl,dropwizard__ddd15a681b__io.dropwizard.setup.Bootstrap.Bootstrap,dropwizard__ddd15a681b__io.dropwizard.setup.Bootstrap.Bootstrap,io/dropwizard/setup/Bootstrap.java,clean,none,CLEAN,CLEAN,CLEAN,CLEAN,CLEAN,CLEAN,80.369
ctl,druid__05168808c2__com.metamx.druid.loading.S3SegmentPusher,druid__05168808c2__com.metamx.druid.loading.S3SegmentPusher,com/metamx/druid/loading/S3SegmentPusher.java,clean,none,CLEAN,CLEAN,CLEAN,CLEAN,CLEAN,CLEAN,82.957
ctl,elasticsearch-river-mongodb__6b6ce8e851__org.elasticsearch.river.mongodb.Indexer,elasticsearch-river-mongodb__6b6ce8e851__org.elasticsearch.river.mongodb.Indexer,org/elasticsearch/river/mongodb/Indexer.java,clean,none,CLEAN,CLEAN,CLEAN,CLEAN,CLEAN,CLEAN,90.141
ctl,elasticsearch-river-mongodb__6b6ce8e851__org.elasticsearch.river.mongodb.MongoDBRiverDefinition,elasticsearch-river-mongodb__6b6ce8e851__org.elasticsearch.river.mongodb.MongoDBRiverDefinition,org/elasticsearch/river/mongodb/MongoDBRiverDefinition.java,clean,none,CLEAN,CLEAN,CLEAN,CLEAN,CLEAN,CLEAN,94.957
ctl,elasticsearch-river-mongodb__6b6ce8e851__org.elasticsearch.river.mongodb.Slurper,elasticsearch-river-mongodb__6b6ce8e851__org.elasticsearch.river.mongodb.Slurper,org/elasticsearch/river/mongodb/Slurper.java,clean,none,CLEAN,CLEAN,CLEAN,CLEAN,CLEAN,CLEAN,93.097
ctl,elasticsearch__0404db65e3__org.elasticsearch.test.ESSingleNodeTestCase,elasticsearch__0404db65e3__org.elasticsearch.test.ESSingleNodeTestCase,org/elasticsearch/test/ESSingleNodeTestCase.java,clean,none,CLEAN,CLEAN,CLEAN,CLEAN,CLEAN,CLEAN,83.248
ctl,elasticsearch__36884807b3__org.elasticsearch.index.query.SimpleIndexQueryParserTests,elasticsearch__36884807b3__org.elasticsearch.index.query.SimpleIndexQueryParserTests,org/elasticsearch/index/query/SimpleIndexQueryParserTests.java,clean,none,CLEAN,CLEAN,CLEAN,CLEAN,CLEAN,CLEAN,120.715
ctl,elasticsearch__3764b3ff80__org.elasticsearch.rest.action.cat.RestIndicesAction,elasticsearch__3764b3ff80__org.elasticsearch.rest.action.cat.RestIndicesAction,org/elasticsearch/rest/action/cat/RestIndicesAction.java,clean,none,CLEAN,CLEAN,CLEAN,CLEAN,CLEAN,CLEAN,102.035
ctl,elasticsearch__3764b3ff80__org.elasticsearch.rest.action.cat.RestNodesAction,elasticsearch__3764b3ff80__org.elasticsearch.rest.action.cat.RestNodesAction,org/elasticsearch/rest/action/cat/RestNodesAction.java,clean,none,CLEAN,CLEAN,CLEAN,CLEAN,CLEAN,CLEAN,94.363
ctl,elasticsearch__3764b3ff80__org.elasticsearch.rest.action.cat.RestShardsAction,elasticsearch__3764b3ff80__org.elasticsearch.rest.action.cat.RestShardsAction,org/elasticsearch/rest/action/cat/RestShardsAction.java,clean,none,CLEAN,CLEAN,CLEAN,CLEAN,CLEAN,CLEAN,90.493
ctl,elasticsearch__59cb67c7bd__org.elasticsearch.index.query.support.NestedInnerQueryParseSupport,elasticsearch__59cb67c7bd__org.elasticsearch.index.query.support.NestedInnerQueryParseSupport,org/elasticsearch/index/query/support/NestedInnerQueryParseSupport.java,conflict,none,,,,,,DIVERGED,0.26
ctl,elasticsearch__d896886973__org.elasticsearch.action.DocWriteResponse,elasticsearch__d896886973__org.elasticsearch.action.DocWriteResponse,org/elasticsearch/action/DocWriteResponse.java,conflict,none,,,,,,DIVERGED,0.25
ctl,elasticsearch__f3d63095db__org.elasticsearch.index.analysis.synonyms.SynonymsAnalysisTest,elasticsearch__f3d63095db__org.elasticsearch.index.analysis.synonyms.SynonymsAnalysisTest,org/elasticsearch/index/analysis/synonyms/SynonymsAnalysisTest.java,conflict,none,,,,,,DIVERGED,0.267
ctl,fitnesse__4d9ba9d221__fitnesse.testsystems.slim.tables.SlimTableFactoryTest,fitnesse__4d9ba9d221__fitnesse.testsystems.slim.tables.SlimTableFactoryTest,fitnesse/testsystems/slim/tables/SlimTableFactoryTest.java,clean,none,CLEAN,CLEAN,CLEAN,CLEAN,CLEAN,CLEAN,81.19
ctl,hector__0588608e7a__me.prettyprint.cassandra.connection.client.HSaslThriftClient,hector__0588608e7a__me.prettyprint.cassandra.connection.client.HSaslThriftClient,me/prettyprint/cassandra/connection/client/HSaslThriftClient.java,clean,none,CLEAN,CLEAN,CLEAN,CLEAN,CLEAN,CLEAN,85.015
ctl,hector__213f7887ea__me.prettyprint.cassandra.connection.HConnectionManager,hector__213f7887ea__me.prettyprint.cassandra.connection.HConnectionManager,me/prettyprint/cassandra/connection/HConnectionManager.java,clean,none,CLEAN,CLEAN,CLEAN,CLEAN,CLEAN,CLEAN,85.236
ctl,hector__a33a465066__me.prettyprint.cassandra.connection.client.HKerberosThriftClient,hector__a33a465066__me.prettyprint.cassandra.connection.client.HKerberosThriftClient,me/prettyprint/cassandra/connection/client/HKerberosThriftClient.java,clean,none,CLEAN,CLEAN,CLEAN,CLEAN,CLEAN,CLEAN,81.317
ctl,hector__a33a465066__me.prettyprint.cassandra.connection.client.HThriftClient,hector__a33a465066__me.prettyprint.cassandra.connection.client.HThriftClient,me/prettyprint/cassandra/connection/client/HThriftClient.java,clean,none,CLEAN,CLEAN,CLEAN,CLEAN,CLEAN,CLEAN,83.435
ctl,jOOQ__d96120f327__org.jooq.impl.DSL,jOOQ__d96120f327__org.jooq.impl.DSL,org/jooq/impl/DSL.java,conflict,none,,,,,,DIVERGED,1.496
ctl,java-faker__ca42fcfaf4__com.github.javafaker.Faker,java-faker__ca42fcfaf4__com.github.javafaker.Faker,com/github/javafaker/Faker.java,clean,none,CLEAN,CLEAN,CLEAN,CLEAN,CLEAN,CLEAN,82.561
ctl,jenkins__48b2b951df__jenkins.slaves.DefaultJnlpSlaveReceiver,jenkins__48b2b951df__jenkins.slaves.DefaultJnlpSlaveReceiver,jenkins/slaves/DefaultJnlpSlaveReceiver.java,clean,none,CLEAN,CLEAN,CLEAN,CLEAN,CLEAN,CLEAN,81.735
ctl,jsoup__fee4762322__org.jsoup.helper.HttpConnection,jsoup__fee4762322__org.jsoup.helper.HttpConnection,org/jsoup/helper/HttpConnection.java,clean,none,CLEAN,CLEAN,CLEAN,CLEAN,CLEAN,CLEAN,93.785
ctl,libgdx__da27e2dae5__com.badlogic.gdx.backends.lwjgl3.Lwjgl3Application,libgdx__da27e2dae5__com.badlogic.gdx.backends.lwjgl3.Lwjgl3Application,com/badlogic/gdx/backends/lwjgl3/Lwjgl3Application.java,clean,none,CLEAN,CLEAN,CLEAN,CLEAN,CLEAN,CLEAN,87.889
ctl,libgdx__da27e2dae5__com.badlogic.gdx.backends.lwjgl3.Lwjgl3ApplicationConfiguration,libgdx__da27e2dae5__com.badlogic.gdx.backends.lwjgl3.Lwjgl3ApplicationConfiguration,com/badlogic/gdx/backends/lwjgl3/Lwjgl3ApplicationConfiguration.java,clean,none,CLEAN,CLEAN,CLEAN,CLEAN,CLEAN,CLEAN,84.031
ctl,logback__542843fd04__ch.qos.logback.core.rolling.TimeBasedFileNamingAndTriggeringPolicyBase,logback__542843fd04__ch.qos.logback.core.rolling.TimeBasedFileNamingAndTriggeringPolicyBase,ch/qos/logback/core/rolling/TimeBasedFileNamingAndTriggeringPolicyBase.java,clean,none,CLEAN,CLEAN,CLEAN,CLEAN,CLEAN,CLEAN,81.601
ctl,okhttp__1151c9853c__com.squareup.okhttp.internal.bytes.GzipSource,okhttp__1151c9853c__com.squareup.okhttp.internal.bytes.GzipSource,com/squareup/okhttp/internal/bytes/GzipSource.java,clean,none,CLEAN,CLEAN,CLEAN,CLEAN,CLEAN,CLEAN,83.265
ctl,okhttp__3516616852__com.squareup.okhttp.OkHttpClient,okhttp__3516616852__com.squareup.okhttp.OkHttpClient,com/squareup/okhttp/OkHttpClient.java,clean,none,CLEAN,CLEAN,CLEAN,CLEAN,CLEAN,CLEAN,81.387
ctl,orientdb__a5ce3bcc0a__com.orientechnologies.orient.core.Orient,orientdb__a5ce3bcc0a__com.orientechnologies.orient.core.Orient,com/orientechnologies/orient/core/Orient.java,clean,none,CLEAN,CLEAN,CLEAN,CLEAN,CLEAN,CLEAN,90.426
ctl,pushy__58901c846e__com.relayrides.pushy.apns.PushManager,pushy__58901c846e__com.relayrides.pushy.apns.PushManager,com/relayrides/pushy/apns/PushManager.java,clean,none,CLEAN,CLEAN,CLEAN,CLEAN,CLEAN,CLEAN,85.967
ctl,quickml__0d29fd9917__quickdt.experiments.OutOfTimeCrossValidatorRunner,quickml__0d29fd9917__quickdt.experiments.OutOfTimeCrossValidatorRunner,quickdt/experiments/OutOfTimeCrossValidatorRunner.java,clean,none,CLEAN,CLEAN,CLEAN,CLEAN,CLEAN,CLEAN,80.333
ctl,quickml__bae968d9a8__quickdt.experiments.OutOfTimeCrossValidatorRunner,quickml__bae968d9a8__quickdt.experiments.OutOfTimeCrossValidatorRunner,quickdt/experiments/OutOfTimeCrossValidatorRunner.java,clean,none,CLEAN,CLEAN,CLEAN,CLEAN,CLEAN,CLEAN,79.617
ctl,retrofit__2b6c719c66__retrofit.RestAdapter,retrofit__2b6c719c66__retrofit.RestAdapter,retrofit/RestAdapter.java,clean,none,CLEAN,CLEAN,CLEAN,CLEAN,CLEAN,CLEAN,88.259
ctl,spring-boot__074771ec12__org.springframework.boot.context.web.SpringBootServletInitializer,spring-boot__074771ec12__org.springframework.boot.context.web.SpringBootServletInitializer,spring-boot/src/main/java/org/springframework/boot/context/SpringBootServletInitializer.java,clean,none,CLEAN,CLEAN,CLEAN,CLEAN,CLEAN,CLEAN,81.209
ctl,spring-boot__2d4e68a977__org.springframework.boot.context.embedded.tomcat.TomcatEmbeddedServletContainerFactory,spring-boot__2d4e68a977__org.springframework.boot.context.embedded.tomcat.TomcatEmbeddedServletContainerFactory,src/main/java/org/springframework/boot/context/embedded/TomcatEmbeddedServletContainerFactory.java,clean,none,CLEAN,CLEAN,CLEAN,CLEAN,CLEAN,CLEAN,88.247
ctl,spring-boot__3444ebbc05__org.springframework.boot.context.web.SpringBootServletInitializer,spring-boot__3444ebbc05__org.springframework.boot.context.web.SpringBootServletInitializer,spring-boot/src/main/java/org/springframework/boot/context/SpringBootServletInitializer.java,clean,none,CLEAN,CLEAN,CLEAN,CLEAN,CLEAN,CLEAN,80.77
ctl,spring-boot__6664ce19d6__org.springframework.boot.jta.atomikos.AtomikosProperties,spring-boot__6664ce19d6__org.springframework.boot.jta.atomikos.AtomikosProperties,spring-boot/src/main/java/org/springframework/boot/jta/AtomikosProperties.java,clean,none,CLEAN,CLEAN,CLEAN,CLEAN,CLEAN,CLEAN,81.076
ctl,spring-boot__958a0a45f1__org.springframework.boot.autoconfigure.mongo.MongoProperties,spring-boot__958a0a45f1__org.springframework.boot.autoconfigure.mongo.MongoProperties,spring-boot-autoconfigure/src/main/java/org/springframework/boot/autoconfigure/MongoProperties.java,conflict,none,,,,,,DIVERGED,0.278
ctl,spring-boot__af20dc6cc4__org.springframework.boot.loader.archive.ExplodedArchive,spring-boot__af20dc6cc4__org.springframework.boot.loader.archive.ExplodedArchive,org/springframework/boot/loader/archive/ExplodedArchive.java,conflict,none,,,,,,DIVERGED,0.253
ctl,spring-boot__af20dc6cc4__org.springframework.boot.loader.archive.ExplodedArchiveTests,spring-boot__af20dc6cc4__org.springframework.boot.loader.archive.ExplodedArchiveTests,org/springframework/boot/loader/archive/ExplodedArchiveTests.java,conflict,none,,,,,,DIVERGED,0.244
ctl,spring-boot__c93ea54ea3__org.springframework.boot.autoconfigure.cache.RedisCacheConfiguration,spring-boot__c93ea54ea3__org.springframework.boot.autoconfigure.cache.RedisCacheConfiguration,spring-boot-autoconfigure/src/main/java/org/springframework/boot/autoconfigure/RedisCacheConfiguration.java,clean,none,CLEAN,CLEAN,CLEAN,CLEAN,CLEAN,CLEAN,79.526
ctl,spring-boot__ea8107b6a5__org.springframework.boot.context.embedded.undertow.UndertowEmbeddedServletContainerFactory,spring-boot__ea8107b6a5__org.springframework.boot.context.embedded.undertow.UndertowEmbeddedServletContainerFactory,org/springframework/boot/context/embedded/undertow/UndertowEmbeddedServletContainerFactory.java,clean,none,CLEAN,CLEAN,CLEAN,CLEAN,CLEAN,CLEAN,87.874
ctl,spring-boot__fdd3f12ee0__org.springframework.boot.autoconfigure.logging.AutoConfigurationReportLoggingInitializer,spring-boot__fdd3f12ee0__org.springframework.boot.autoconfigure.logging.AutoConfigurationReportLoggingInitializer,spring-boot-autoconfigure/src/main/java/org/springframework/boot/autoconfigure/AutoConfigurationReportLoggingInitializer.java,clean,none,CLEAN,CLEAN,CLEAN,CLEAN,CLEAN,CLEAN,84.668
ctl,storm__bd1f5c5475__org.apache.storm.kafka.spout.KafkaSpout,storm__bd1f5c5475__org.apache.storm.kafka.spout.KafkaSpout,org/apache/storm/kafka/spout/KafkaSpout.java,clean,none,CLEAN,CLEAN,CLEAN,CLEAN,CLEAN,CLEAN,89.189
ctl,swagger-core__e7fea7c488__io.swagger.jaxrs2.OperationParser,swagger-core__e7fea7c488__io.swagger.jaxrs2.OperationParser,io/swagger/jaxrs2/OperationParser.java,clean,none,CLEAN,CLEAN,CLEAN,CLEAN,CLEAN,CLEAN,90.627
ctl,titan__04edd7f0e7__com.thinkaurelius.titan.graphdb.transaction.StandardTitanTx,titan__04edd7f0e7__com.thinkaurelius.titan.graphdb.transaction.StandardTitanTx,com/thinkaurelius/titan/graphdb/transaction/StandardTitanTx.java,clean,none,CLEAN,CLEAN,CLEAN,CLEAN,CLEAN,CLEAN,99.13
ctl,titan__387c16ea05__com.thinkaurelius.titan.graphdb.database.serialize.SerializerInitialization,titan__387c16ea05__com.thinkaurelius.titan.graphdb.database.serialize.SerializerInitialization,com/thinkaurelius/titan/graphdb/database/serialize/SerializerInitialization.java,clean,none,CLEAN,CLEAN,CLEAN,CLEAN,CLEAN,CLEAN,81.358
ctl,vavr__204635d915__javaslang.control.Validation,vavr__204635d915__javaslang.control.Validation,javaslang/control/Validation.java,conflict,none,,,,,,DIVERGED,0.343
ctl,voldemort__4cc1c14581__voldemort.server.VoldemortConfig,voldemort__4cc1c14581__voldemort.server.VoldemortConfig,voldemort/server/VoldemortConfig.java,clean,none,CLEAN,CLEAN,CLEAN,CLEAN,CLEAN,CLEAN,102.355
ctl,voldemort__b30fdfebe3__voldemort.VoldemortClientShell,voldemort__b30fdfebe3__voldemort.VoldemortClientShell,voldemort/VoldemortClientShell.java,clean,none,CLEAN,CLEAN,CLEAN,CLEAN,CLEAN,CLEAN,91.492
ctl,webbit__74d2d2b877__org.webbitserver.netty.WebSocketClient$HandshakeChannelHandler,webbit__74d2d2b877__org.webbitserver.netty.WebSocketClient$HandshakeChannelHandler,org/webbitserver/netty/WebSocketClient.java,clean,none,CLEAN,CLEAN,CLEAN,CLEAN,CLEAN,CLEAN,85.945
