unit_id,detector,category,extraction_status,usable,why,summary,n_sites,quote_grades,cannot_extract,missed_shape,notes
apache_commons-collections__84e70353ad,D1,stale-usage-of-pruned-import,ok,True,ok,"import `fail` removed by theirs; 3 usage site(s), added by ours",3,exact/exact,,,"T2: merged body omitted, so stale fail() sites are quoted from OURS diff (the added testPartitionByChunkSize) rather than the merged window; line numbers unknown (-1). Merged-vs-developer diff is the key confirmation that merged lost the fail import. Compile delta reads (none) because it is single-file javac and may not fully resolve static import breakage; the actual failure surfaces at compile/test time in the full module build."
ardesco_selenium-standalone-server-plugin__957d978135,D2,stale-caller-of-changed-signature,ok,True,ok,return_type_changed+param_type_changed; arity_changed=no by theirs; decl_visible=yes; 4 call site(s); Theirs retyped getBinaryFilenames() to return List<String> (and typed the local filenamesW,4,exact/exact/exact,,,"Two coupled mechanisms. Theirs widened BinaryType.getBinaryFilenames()/constructor from ArrayList<String> to List<String>; ours added helper methods untarFolder/unzipFolder taking ArrayList<String> and an EXE/FIREFOX FIREFOX entry using new ArrayList<String>(). In merged, List<String> locals are passed to ArrayList<String> helper params (the D2 mismatch). Separately, the 4 RESOLVE errors in BinaryType.java are a pruned-import effect: theirs removed 'import java.util.ArrayList' while ours' FIREFOX uses new ArrayList<String>(). Developer fix retyped helper params to List and re-added the ArrayList import."
atam4j_atam4j__71fcecb071,D1,stale-usage-of-pruned-import,ok,True,ok,"import `PassingTest` replaced by ours; 1 usage site(s), added by theirs",1,exact/exact,,,"Second interacting concern in File 2: theirs added `import javax.ws.rs.client.Client;` plus a `Client` field, ours removed the JerseyClientBuilder-based usage; the developer resolution deleted that import (COMPILE DELTA: `package javax.ws.rs.client does not exist`). That is an unresolved-type/import problem separate from the labeled PassingTest pruning in File 1. The primary D1 shape (PassingTest import pruned by ours, usage kept by theirs) is clear."
buddycloud_buddycloud-server-java__48e4675ee2,D2,stale-caller-of-changed-signature,partial,True,ok,param_added; arity_changed=yes by ours; decl_visible=no; 1 call site(s); THEIRS-added test rsmStillAddedWhenThereAreNoResults stubs getNodeItemReplies with 4 args ,1,exact/exact/exact,"d2.old_signature/new_signature (actual declaration): The changed method getNodeItemReplies is declared in the ChannelManager interface, which is not one of the two files shown in this unit; only call sites are visible, so the verbatim declaration line cannot be quoted.",,"OURS added boolean 'after' param to ChannelManager.getNodeItemReplies (interface not in unit) and updated its own production call + tests to 5 args. THEIRS added a new test using the old 4-arg mock. Mergiraf kept both tests; the theirs test (merged line 280) stubs the wrong arity so the mock never returns the expected iterator, failing assertions. Ours-side tests were converted to eq(true)/eq(false); theirs-side was not."
cloudfoundry_cf-java-client__80d0a0dff9,D2,stale-caller-of-changed-signature,partial,False,old_sig=missing/absent new_sig=missing/absent call_sites=ok,name_and_signature+return_type_changed; arity_changed=no by ours; decl_visible=no; 2 call site(s); The theirs-added update() method calls the old Reactor value-mapping API Mono.then(Functio,2,empty/empty/exact,"d2.old_signature: The changed methods are Reactor library APIs (Mono.then(Function) and Mono.when(...)); their declarations live in the reactor-core library, not in any file shown in this unit.; d2.new_signature: The replacement Reactor APIs (Mono.flatMap(Function) and Mono.zip(...)) are declared in the external reactor-core library, not visible in this unit.",,"Reactor-core upgrade: ours rewrote every reactive chain from .then(Function)/Mono.when to .flatMap/Mono.zip; theirs independently added update() using the old-shape .then(...)/Mono.when(...). Mergiraf kept both, leaving the new method stranded on the removed API. Signature change is cross-file (external library), so only inferable from call-site drift within the file. Compile delta reports none (single-file javac without reactor on classpath), so the breakage surfaces only in the full build/test."
cloudfoundry_cf-java-client__a9d35d542d,D2,stale-caller-of-changed-signature,partial,False,old_sig=ok new_sig=ok call_sites=none-verify,"param_added; arity_changed=yes by theirs; decl_visible=yes; 0 call site(s); OURS refactored list() to build a 4-element tuple (getApplicationNames, getDomainName, Mon",0,exact/exact,"d2.stale_call_sites: MERGED RESULT bodies omitted at T2; the merged list() method (which builds the 4-element tuple and applies function(DefaultRoutes::toRoute)) is only visible in the OURS/THEIRS diffs against base, not in the merged output, so no verbatim merged line with a real line number can be quoted",,"Interaction: THEIRS added the `service` element throughout list() and to toRoute's signature; OURS independently rewrote list() (Mono.when->zip, .then->flatMap) keeping the 4-element tuple. Mergiraf apparently took OURS' 4-tuple list body but THEIRS' 5-param toRoute, producing an arity mismatch at the function(DefaultRoutes::toRoute) adapter. Compile delta is (none) because single-file javac cannot resolve cross-file types (RouteResource etc.), so the tuple/lambda arity error is not observed in isolation."
cternes_openkeepass__bb53512ab2,D1,stale-usage-of-pruned-import,ok,True,ok,"import `Group` removed by theirs; 2 usage site(s), added by ours",2,exact/exact,,,"COMPILE DELTA is (none) because single-file javac cannot resolve any domain imports in either version, so the differential shows nothing; the real breakage is the missing Group import combined with the ours-added test method. Merged bodies were omitted at T2 but the MERGED-vs-DEVELOPER diff exposes both the merged import block (no Group) and the offending method with derivable line numbers."
datastax_java-driver__e1535e89ad,D3,stale-reference-to-removed-declaration,ok,True,ok,field removed by ours; 1 ref site(s); rm2=no joern=no,1,exact/exact,,"Field isShutdown was removed on the ours side (not renamed); theirs added a fresh reference isShutdown.get(), so RM2 sees no rename and Joern's both-parents guard is broken because the field is unresolvable in the ours parent.","Note: a same-named method isShutdown() is kept and used elsewhere (lines 102 etc.), but the stale reference at line 134 is a field access to the removed AtomicBoolean field. MERGED equals developer resolution per the harness, yet tests failed — the field-access compile break is not visible in the single-file javac delta (many cross-file symbols unresolved anyway)."
dius_java-faker__9f0019116a,D1,stale-usage-of-pruned-import,ok,True,ok,"import `isEmptyOrNullString` narrowed by ours; 1 usage site(s), added by theirs",1,exact/exact,,,"isEmptyOrNullString is a static-import method reference (matcher). Ours renamed its own usages to emptyOrNullString; the failure is theirs' new test using the older matcher name whose star import ours pruned. Compile delta shows (none) because single-file javac cannot resolve the external hamcrest symbol anyway, but the real merged build fails on the unresolved static import."
dtrules_dtrules__505c5cbf82,D1,stale-usage-of-pruned-import,ok,True,ok,"import `RulesDirectory` removed by ours; 1 usage site(s), added by theirs",1,exact/exact,,,"Compile delta reports (none) for single-file javac, but that is because the tool compiles Trace.java in isolation without the com.dtrules.session classes on classpath; the real breakage is the unresolved RulesDirectory reference at line 102. Merged==developer resolution shows no textual difference, so the silent failure is downstream (build/test) not resolved by developer either — worth double-checking."
elisarver_selophane__4ecc600017,D3,stale-reference-to-renamed-or-relocated-declaration,partial,False,decl=missing/absent refs=ok verdicts=ok missed_shape=ok,class relocated by theirs; 1 ref site(s); rm2=no joern=no,1,empty/exact,"d3.old_declaration: The Select class declaration lives in another file (originally org.selophane.elements, relocated to org.selophane.elements.widget) not part of this 2-file unit; only the reference site is visible.","Cross-file class relocated into a subpackage empties org.selophane.elements, so the surviving wildcard import plus ours' `Select option1` field no longer resolve — a type/import-resolution break neither the rename lane (it's a move, cross-file) nor Joern (type resolution) detects.","Root cause straddles D1/D3: theirs relocated all classes out of org.selophane.elements into subpackages (widget/base/factory.api), so the retained wildcard `import org.selophane.elements.*;` and ours' new `public Select option1;` cannot resolve — compile delta confirms `package org.selophane.elements does not exist`. Developer resolution adds `import org.selophane.elements.widget.Select;`. The Select declaration is not in the shown files."
feroult_yawp__141f79a8e9,D1,stale-usage-of-pruned-import,ok,True,ok,"import `List` removed by ours; 2 usage site(s), added by theirs",2,exact/exact,,,"Note the COMPILE DELTA reports (none) and MERGED equals DEV resolution, so single-file javac here shows no error — suggests the failure surfaced only at test/full-build level, or the developer resolution matched the same broken imports. Still a textbook D1: ours removed java.util.List/ArrayList imports while theirs added a method depending on both."
gitools_gitools__02221bf3d8,D3,stale-reference-to-renamed-or-relocated-declaration,partial,False,decl=missing/absent refs=ok verdicts=ok missed_shape=ok,class relocated by ours; 1 ref site(s); rm2=no joern=no,1,empty/exact,"d3.old_declaration: the relocated class IMatrixViewDimension is declared in a file outside this unit (only its imports/usages are visible), so the actual old declaration site is not shown",Cross-file package relocation (org.gitools.matrix.model -> org.gitools.core.matrix.model) surfaced as a stale import to the old package added by theirs and kept by the merge; neither the file-local rename lane nor the identifier-resolution lane detects broken import/type resolution of a class declared in another file.,"OURS relocated every matrix/heatmap reference to the org.gitools.core.* packages; THEIRS added new code using IMatrixViewDimension via `import org.gitools.matrix.model.IMatrixViewDimension;` (old package). Mergiraf kept both, leaving the stale old-package import. Compile delta confirms: [RESOLVE] package org.gitools.matrix.model does not exist. Files 1 and 2 show the same relocation but no stale references survived there."
gwtbootstrap3_gwtbootstrap3__5c0d1eab79,D3,stale-reference-to-removed-declaration,ok,True,ok,class removed by ours; 2 ref site(s); rm2=no joern=no,2,exact/exact,,"A removed inner class is referenced only through a constructor call/type name (`new SubmitEvent()`); RM2 sees a deletion not a rename, and Joern treats `SubmitEvent` as a type/constructor reference (not an identifier node) unresolved in one parent, so neither lane fires.","Ours deleted inner SubmitEvent/SubmitHandler and switched its references to FormPanel.SubmitEvent; theirs edited fireSubmitEvent to use the local `SubmitEvent event = new SubmitEvent();`. Merged keeps theirs' body but ours' deletion, leaving an unresolved type. Note COMPILE DELTA is (none) and merged equals developer resolution, so single-file javac may not surface it (GWT types off classpath); breakage is behavioral/at project build."
imixs_imixs-workflow__23b86de5b4,D3,stale-reference-to-renamed-or-relocated-declaration,ok,True,ok,other relocated by ours; 2 ref site(s); rm2=no joern=no,2,exact/exact,,"External library type relocated by javax->jakarta migration: theirs added a `javax.ejb.AccessTimeout` import+annotation while ours migrated the ejb package to jakarta.ejb, leaving an import to a package that no longer exists — pure type/import-resolution breakage neither RM2 nor Joern covers.","Real failure is in FILE 2 (compile delta: [RESOLVE] package javax.ejb does not exist). This is effectively a stale-usage-of-a-relocated-import: ours performed javax->jakarta migration; theirs independently added `import javax.ejb.AccessTimeout;` and `@AccessTimeout(...)`. Mergiraf kept both, yielding a dangling javax.ejb reference. FILE 1 changes are benign (import migration + logging edit)."
javaparser_javaparser__41a398414f,D2,stale-caller-of-changed-signature,partial,False,old_sig=missing/absent new_sig=missing/absent call_sites=ok,return_type_changed; arity_changed=no by theirs; decl_visible=no; 1 call site(s); OURS's new toMethodUsage calls getTypeDeclaration().getAllMethods() treating the result as,1,empty/empty/exact,d2.old_signature: declaration of ResolvedReferenceType.getTypeDeclaration() lives in a file outside this unit; only call sites are visible; d2.new_signature: the Optional-returning declaration of getTypeDeclaration() is cross-file and not shown; only theirs' adapted call sites reveal the new shape,,"Signature change is cross-file: THEIRS migrated ResolvedReferenceType.getTypeDeclaration() (and ResolvedClassDeclaration.getSuperClass()) to return Optional, adapting all its own call sites (visible in theirs diffs). OURS independently rewrote toMethodUsage to call getTypeDeclaration().getAllMethods() on the OLD non-Optional shape. Merge combined both, leaving the stale caller. Single-file javac shows no error because the callee type is on the classpath, not in these files; COMPILE DELTA (none) and MERGED==DEV both reflect that this only breaks against the migrated external types."
javaparser_javaparser__dc6254f1bf,D3,stale-reference-to-removed-declaration,ok,True,ok,method removed by ours; 1 ref site(s); rm2=no joern=no,1,exact/exact,,"File-local removed method (getWrappedNode) referenced by a method call in a theirs-added method body: RM2 sees only removal not rename, and Joern is blind to calls, so neither lane fires.","OURS deleted the interface implementation and all instance members (getWrappedNode, getType, etc.); THEIRS added an @Override isVariable() calling getWrappedNode(). Mergiraf kept isVariable() in the now-interfaceless final class. The actual javac error is [OTHER] 'method does not override or implement a method from a supertype' (the stale @Override), and the getWrappedNode() call is also unresolved. Both failure facets are call/annotation shaped, outside RM2 and Joern lanes."
jcabi_jcabi-github__b13d2596ba,D3,stale-reference-to-removed-declaration,ok,True,ok,method removed by ours; 2 ref site(s); rm2=no joern=no,2,exact/exact,,"Same-file removed private method still called by the other side's added tests (iteratesIssues/createsNewMilestone); RM2 sees no rename and Joern ignores method calls, so neither lane fires.","File 1 (RtIssueITCase) merged cleanly with a harmless import-ordering difference only. The real failure is File 2: OURS deleted the milestones() helper while THEIRS re-enabled iteratesIssues/createsNewMilestone that call milestones(), leaving unresolved calls. Compile delta shows (none) because single-file javac lacks project classpath, but the merged file references an undeclared method."
jcabi_jcabi-github__e18a8ffd16,D2,stale-caller-of-changed-signature,ok,True,ok,"param_added+exceptions_changed; arity_changed=yes by ours; decl_visible=yes; 1 call site(s); canFetchAllHooks (added by theirs) calls repo() with 0 args, but ours replaced repo() with",1,exact/exact/exact,,,"Ours refactored the zero-arg helper repo() into repos() plus repo(Repos); theirs independently un-Ignored canFetchAllHooks and inserted a repo().hooks() call. Mergiraf merged both, leaving a call to a helper whose only surviving overload takes a Repos argument. Interestingly the COMPILE DELTA reports (none), likely because canFetchAllHooks is a failsafe/IT test skipped via Assume; the failure manifests at test time, not single-file javac."
jdeparser_jdeparser2__868afefbb4,D3,stale-reference-to-removed-declaration,partial,False,decl=ok refs=none-verify verdicts=ok missed_shape=ok,method removed by ours; 0 ref site(s); rm2=no joern=no,0,exact,"d3.stale_reference_sites: No caller of hasStaticImport(String) appears in any shown file; the reference site lives cross-file (or in a file elided at T3), and merged bodies are omitted so no in-file usage is visible.; d3.old_declaration.line: Merged body omitted at truncation T3; declaration only visible in the OURS-vs-BASE diff, so no merged-result line number can be counted.","Removed (not renamed) method: OURS deleted hasStaticImport(final String name) while THEIRS kept it and Mergiraf followed the deletion, but the caller lives in a file outside/elided from this unit, so no (base,version) pair here shows a rename and calls are invisible to Joern.","Merged-vs-developer diff on ImplJSourceFile.java shows the developer re-inserted `boolean hasStaticImport(final String name)`, confirming Mergiraf dropped it (OURS removed, THEIRS retained) and that its absence is the compile/test breakage. AbstractJType.qualifiedName(SourceFileWriter)->qualifiedName() and AbstractJClassDef getModifiers/hasAllModifiers removals were applied consistently by both sides or matched by dev, so they are not the silent failure."
jenkinsci_build-timeout-plugin__daeab4a1ee,D1,stale-usage-of-pruned-import,ok,True,ok,"import `Nonnull` replaced by theirs; 1 usage site(s), added by ours",1,exact/exact,,,Classic import-replace vs new-usage clash: theirs migrated javax.annotation.Nonnull -> edu.umd.cs.findbugs.annotations.NonNull; ours added addAction(@Nonnull ...) using the old symbol. Line numbers for file 1 derived by counting the 68-line merged body reproduced in the merged-vs-developer diff.
jenkinsci_credentials-plugin__e9cf377a17,D1,stale-usage-of-pruned-import,partial,True,ok,"import `ArrayList` removed by ours; 1 usage site(s), added by theirs",1,exact/exact,"d1.stale_usage_sites[].line: T2 truncation: MERGED RESULT bodies omitted, so exact merged line numbers of the ArrayList usages are not derivable; usages quoted from THEIRS diff, presence in merged confirmed by MERGED-vs-DEVELOPER showing only the missing import as a difference.",,"Culprit is File 4 (CredentialsTypeFilter.java): ours pruned the ArrayList import while theirs added ArrayList usages; merged keeps usages without the import. File 1 (CredentialsProviderFilter.java) is NOT a defect because theirs added both `import java.util.ArrayList;` and the usage. The other files' changes (getId() vs getClass().getName(), @NonNull additions, test import churn) are unrelated to the pruned-import mechanism."
jline_jline2__5acfe59453,D3,stale-reference-to-renamed-or-relocated-declaration,ok,True,ok,field renamed by ours; 2 ref site(s); rm2=uncertain joern=no,2,exact/exact,,"Field rename nonBlockingInput->in where the old name is not resolvable in the ours parent (renamed) so Joern's both-parents guard suppresses it; only RM2's attribute-rename var lane could catch it, and only if RefactoringMiner reports the rename despite the concurrently removed `in` field.","OURS renamed field nonBlockingInput->in (and removed old `private InputStream in;`); THEIRS added method insertClose() referencing nonBlockingInput. Mergiraf combined both, leaving stale `nonBlockingInput.*` calls in insertClose; developer resolution rewrites them to `in`. T2: merged bodies omitted so all line numbers are -1; stale sites recovered from the MERGED-vs-DEVELOPER diff."
jmrozanec_cron-utils__a77c0476c3,D1,stale-usage-of-pruned-import,ok,True,ok,"import `DAY_OF_YEAR` narrowed by theirs; 2 usage site(s), added by ours",2,exact/exact,,,"Same wildcard-narrowing collision appears in both CronBuilder.java and ExecutionTime.java. There are also several other new-declaration references in this merge (CronConstraints.ensureEitherDayOfWeekOrDayOfMonth, CronDefinitions.quartzWithDayOfYearExtension, FieldQuestionMarkDefinitionBuilder, OnDayOfCalendarValueGenerator) whose declaring files are not part of this unit — those are potential cross-file missing-declaration failures, but the frozen label is the pruned static wildcard import of DAY_OF_YEAR."
jnr_jnr-unixsocket__467698b6bd,D1,stale-usage-of-pruned-import,ok,True,ok,"import `Struct` narrowed by ours; 3 usage site(s), added by theirs",3,exact/exact,,,"Classic wildcard-narrowing pruning: OURS replaced `jnr.ffi.*` with explicit imports; THEIRS's added getsockopt(...,Struct) needs Struct and Pointer. Note the COMPILE DELTA reports (none), which is surprising for a resolve failure — likely because the single-file javac harness cannot resolve the jnr.ffi classpath at all, masking the import breakage; the real failure surfaced in the full test build."
joel-costigliola_assertj-core__df351133a9,D1,stale-usage-of-pruned-import,partial,True,ok,"import `failBecauseExpectedAssertionErrorWasNotThrown` removed by ours; 4 usage site(s), added by kept-from-base",4,exact/exact,"d1.stale_usage_sites.line: merged bodies omitted at truncation T3; only OURS/THEIRS/merged-vs-dev diffs are shown, so exact 1-based line numbers in the MERGED RESULT cannot be counted",,"Same pattern in 4 test files: OURS deletes the static import of failBecauseExpectedAssertionErrorWasNotThrown, THEIRS keeps it (and existing base call sites), Mergiraf takes OURS' deletion but keeps the call sites -> unresolved static call. Developer resolution re-adds the import (merged-vs-dev shows +import line), confirming merged lacks it. Puzzle: OURS' -U3 diffs show only the import removal with no matching call-site removals, yet base uses the symbol; the removal likely reflects OURS pruning an import it believed unused. COMPILE DELTA is (none) because single-file javac cannot resolve org.assertj.core.test.* regardless, so the differential is empty; real breakage surfaces at full test-suite compile."
logstash_log4j-jsonevent-layout__ee90110799,D1,stale-usage-of-pruned-import,ok,True,ok,"import `PatternLayout` narrowed by theirs; 2 usage site(s), added by ours",2,exact/exact,,,"COMPILE DELTA shows (none) — but usage is inside an @Ignore test; compilation of PatternLayout still requires the import. The pruned import was a wildcard, so this is a wildcard-narrowing case, a known D1 guard concern."
mercadopago_sdk-java__9dfc950fd2,D2,stale-caller-of-changed-signature,ok,True,ok,exceptions_changed; arity_changed=no by theirs; decl_visible=yes; 3 call site(s); New overloads added by ours declare only 'throws MPException' but delegate to methods whos,3,normalized/normalized/normalized,,,Theirs widened throws clauses across all three files by adding checked MPApiException; ours independently added new single-arg overloads (and a no-arg constructor) in PaymentRefundClient that declare only 'throws MPException'. Merge combines them: the new delegating overloads call now-MPApiException-throwing methods without declaring it -> unreported checked exception. Files 1 and 3 are safe because ours only reformatted javadoc there. Compile-delta shows (none) because single-file javac cannot resolve the cross-file exception widening; the failure surfaces at full build/test.
mikera_vectorz__d93ef1b341,D1,stale-usage-of-pruned-import,ok,True,ok,"import `Random` removed by theirs; 1 usage site(s), added by ours",1,exact/exact,,,"Line numbers left as -1 to avoid estimation over the ~400-line merged file; the removed import does not appear in the merged text and the usage line is deep in the body. Note the reported single-file COMPILE DELTA is '(none)', but the failure is genuine at project-compile scope where java.util.Random is required and absent."
mitre_http-proxy-servlet__b7a68118f2,D2,stale-caller-of-changed-signature,ok,True,ok,"return_type_changed+other; arity_changed=no by ours; decl_visible=yes; 2 call site(s); getTargetUri() (added by theirs) declares return type URI but returns field targetUri, whi",2,exact/exact/exact,,,"This is really a field-TYPE change interacting with a newly-added getter, not a classic method-signature change. Ours renamed the URI field to targetUriObj and re-typed targetUri to String; theirs independently added `public URI getTargetUri(){return targetUri;}`. The merge combines both, yielding a String returned from a URI-typed getter. MERGED equals the developer resolution (no diff), and single-file COMPILE DELTA is (none) because both share the same errors; the failure surfaces via tests/downstream compilation. D2 fit is loose (field type, not parameter arity)."
movsim_movsim__6dae25caf7,D1,stale-usage-of-pruned-import,ok,True,ok,"import `MovsimInputLoader` removed by theirs; 1 usage site(s), added by kept-from-base",1,exact/exact,,,"Second pruned symbol ProjectMetaData (import org.movsim.input.ProjectMetaData;) is referenced on the same merged line 41. FILE 2 RoadSegment.java also has unrelated concerns (ours added import org.movsim.SimulationScan and RoadTypeSpeeds usage), but the labeled import-pruning failure lives in FILE 1."
msopentech_azure-activedirectory-library-for-java__d3f143872b,D2,stale-caller-of-changed-signature,partial,False,old_sig=missing/absent new_sig=missing/absent call_sites=ok,"param_added; arity_changed=yes by theirs; decl_visible=no; 1 call site(s); passes 6 args to the AuthenticationResult constructor, but theirs' updated signature takes",1,empty/empty/exact,"d2.old_signature: declaration of AuthenticationResult constructor lives in AuthenticationResult.java, a file not part of this unit; only call sites are visible; d2.new_signature: new constructor declaration is cross-file and not shown; change is only observable through theirs' updated call sites",,"Theirs added an ""idToken"" parameter to the AuthenticationResult constructor and updated all its existing call sites (base 6-arg -> 7-arg, e.g. lines 100-102, 139-141). Ours concurrently added a new test testAcquireToken_Username_Password whose expectPrivate(...).andReturn(new AuthenticationResult(...)) still uses the old 6-arg shape (lines 176-177). Mergiraf combined both; the merged file now calls a constructor arity that no longer exists. The constructor declaration is cross-file, so old/new signatures cannot be quoted verbatim. Note ctx.acquireToken(""resource"",""clientId"",""username"",""password"",null) (line 180) is a separate potential unresolved-overload risk."
ninjaframework_ninja__94b2365be3,D1,stale-usage-of-pruned-import,ok,True,ok,"import `Cookie` removed by ours; 1 usage site(s), added by theirs",1,exact/exact,,,"Because a same-package ninja.Cookie type exists, the merged unqualified `Cookie` likely still compiles (resolving to the wrong type), producing a silent behavioral/test failure rather than a compile error — hence COMPILE DELTA (none). Detector should flag pruned import symbol usage even when the symbol collides with a same-package name."
openpnp_openpnp__b62c0ce826,D3,stale-reference-to-renamed-or-relocated-declaration,partial,False,decl=missing/absent refs=ok verdicts=ok missed_shape=ok,method other by ours; 2 ref site(s); rm2=no joern=no,2,empty/exact,"d3.old_declaration: not shown: the declarations of CvPipeline.setCamera/setNozzle (and the new setProperty) live in org/openpnp/vision/pipeline/CvPipeline.java, which is not one of the 3 files in this unit","Cross-file method replacement: setCamera/setNozzle declared in CvPipeline.java (not in this unit) were replaced by setProperty on ours while theirs added a new preRotate block still calling the old methods, and these stale sites are method calls with a cross-file declaration that neither lane can see.","Ours migrated all setCamera/setNozzle call sites to setProperty(key, value); theirs independently added a large new preRotate branch in findOffsets that still calls the old pipeline.setCamera(camera)/setNozzle(nozzle). Mergiraf combined both, leaving stale old-API calls at lines 102-103. Developer resolution rewrites them to setProperty. Compile delta shows (none) because the removed methods may still exist or javac single-file cannot resolve CvPipeline; the failure is behavioral/API-level. arity/signature also differ (setProperty adds a String key)."
qcadoo_mes__c6cb8180e5,D3,stale-reference-to-renamed-or-relocated-declaration,partial,False,decl=missing/absent refs=ok verdicts=ok missed_shape=ok,method renamed by ours; 1 ref site(s); rm2=no joern=no,1,empty/exact,"d3.old_declaration: The renamed API methods (DataFieldDefinition.setValidators/setType/setEditable/setReadOnly replaced by fluent withValidator/withType/readOnly/readOnlyOnUpdate; and FieldValidatorFactory.requiredOnCreation->requiredOnCreate) are all declared in classes (DataFieldDefinition, FieldValidatorFactory) that live in files not part of this 2-file unit, so no declaration line is visible.","Cross-file API rename: OURS replaced DataFieldDefinition.setValidators with the fluent withValidator across all its own sites, while THEIRS added fieldRole.setValidators(...) kept in the merge; the changed declaration lives in DataFieldDefinition (not part of this unit) and is invoked via a method call, invisible to both lanes.","Compile delta is (none) (single-file), so setValidators likely still exists on the classpath — the failure is probably semantic (fluent withValidator adds vs setValidators replaces) or the THEIRS FQCN rename com.qcadoo.mes.core.data.beans.UserGroup->Groups plus role enumType->stringType retargeting a bean class not in this unit. Multiple cross-file rename candidates (setValidators/setType/setEditable->fluent, requiredOnCreation->requiredOnCreate, UserGroup->Groups); none of the renamed declarations are among the two shown files. Confidence in the specific culprit is moderate."
sander2798_enderstone__9d0d7b7ba8,D1,stale-usage-of-pruned-import,ok,True,ok,"import `RegionSet` removed by theirs; 2 usage site(s), added by ours",2,exact/exact,,,"Two symmetric pruned-import/stale-usage pairs in the same file: (1) theirs removed RegionSet import, ours added RegionSet usage; (2) ours removed PacketOutPlayerAbilities import, theirs added PacketOutPlayerAbilities usage. Both imports are absent in merged (developer resolution re-added both). Merged body was truncated (T2), so line numbers are -1; usage quotes are taken from the parent diffs and confirmed present in merged via the MERGED-vs-DEVELOPER diff."
sandergielisse_enderstone__df0826f63b,D2,stale-caller-of-changed-signature,partial,False,old_sig=missing/absent new_sig=missing/absent call_sites=ok,"param_added; arity_changed=yes by theirs; decl_visible=no; 1 call site(s); passes 1 arg (message), new constructor takes 2 args (message, byte); developer fix change",1,empty/empty/exact,"d2.old_signature: Constructor PacketOutChatMessage(Message) is declared in src/.../PacketOutChatMessage.java, a file not part of this unit; only call sites are visible.; d2.new_signature: New constructor PacketOutChatMessage(Message, byte) declaration is cross-file (not shown); inferred only from theirs' updated call sites like new PacketOutChatMessage(message, (byte) 0).",,"Ours added a new broadcastMessage method in Main.java calling the OLD 1-arg PacketOutChatMessage(message); theirs migrated the codebase (EnderPlayer.sendRawMessage) to the NEW 2-arg PacketOutChatMessage(message,(byte)0), implying the constructor gained a byte param. Merge kept ours' stale 1-arg call. Constructor declaration is cross-file, so no signature line is quotable. Compile delta shows (none) because the callee class isn't compiled single-file; the failure is a real arity mismatch confirmed by the MERGED-vs-DEV diff on Main.java."
sandergielisse_enderstone__febdb02eb3,D2,stale-caller-of-changed-signature,ok,True,ok,"param_added; arity_changed=yes by ours; decl_visible=yes; 6 call site(s); passes 3 args to ItemStack(short,byte,short), but ours changed the constructor to arity 4 ",6,exact/exact/exact,,,"Ours added a boolean generateNBT param to both ItemStack constructors (removing the 3-arg overload); theirs added six 3-arg tryPickup(new ItemStack(...)) calls in EnderPlayer.onSpawn. Merged kept ours' 4-arg constructor plus theirs' 3-arg calls. Ours' own callers (Packet.java, PacketInPlayerDigging) were merged to 4-arg and are fine. Merged bodies omitted at T2, so stale call quotes are taken from the THEIRS diff; EnderPlayer MERGED-vs-DEV shows no differences, but developer reverted ItemStack to 3-arg, so the mismatch is merged-only. Cross-file, so single-file javac delta is (none)."
segmentio_analytics-java__0d4a7b4e69,D1,stale-usage-of-pruned-import,partial,True,ok,"import `BlockingQueue` removed by theirs; 1 usage site(s), added by kept-from-base",1,exact/exact,"d1.stale_usage_sites[].line: T2: merged bodies omitted; only diffs shown, so exact merged line number of the BlockingQueue usage cannot be counted",,"Compile delta reported (none), likely because single-file javac on this test already fails to resolve many symbols (mockito, com.segment.*), masking the missing BlockingQueue import. The silent failure is confirmed via the developer resolution which re-adds the import. Multiple parallel import churn (Matchers->ArgumentMatchers, verifyZeroInteractions->verifyNoInteractions, initMocks/openMocks) merged cleanly; the BlockingQueue removal is the culprit tied to theirs' @Spy field retype."
softinstigate_restheart__98dda32101,D3,stale-reference-to-renamed-or-relocated-declaration,ok,True,ok,parameter renamed by theirs; 3 ref site(s); rm2=yes joern=no,3,exact/exact,,,"Ours added a syntax-check block using parameters request/response; theirs renamed those parameters to req/res. Mergiraf combined both, leaving request/response references unresolved. Developer resolution rewrites them to req/res (see MERGED vs DEVELOPER diff). Compile delta shows (none) single-file, but resolution failure is real."
softinstigate_restheart__dc14776b02,D1,stale-usage-of-pruned-import,ok,True,ok,"import `DataLoaderDispatcherInstrumentation` removed by theirs; 4 usage site(s), added by ours",4,exact/exact,,,"Classic D1: theirs removed both DataLoaderDispatcher* imports (assuming ours had not re-added the instrumentation), ours added GraphQL.newGraphQL(...).instrumentation(...) code using both types; Mergiraf merged both cleanly. Note FILE 1 and FILE 2/3 also involve JsonUtils->BsonUtils import swaps, but those resolved consistently (both sides converged on BsonUtils). The real breakage is the two dataloader instrumentation types. COMPILE DELTA shows (none) for single-file javac, likely because unresolved types register as RESOLVE errors suppressed or the class is unavailable standalone."
sonarsource_sonar-findbugs__b2fd863305,D2,stale-caller-of-changed-signature,partial,True,ok,"param_removed+param_type_changed+other; arity_changed=yes by ours; decl_visible=no; 4 call site(s); theirs-added test methods call executor.execute(false, false) with two boolean args, but o",4,exact/exact/exact,"d2.old_signature/new_signature (declaration): not shown: the execute() method declaration lives in FindbugsExecutor.java, which is not among the 6 files in this unit; change is observable only through call sites",,"Ours changed executor.execute(boolean,boolean) to execute(ActiveRules) and updated all its own call sites; theirs independently added two new test methods (should_execute_findbugs_with_missing_smap_and_source, should_execute_findbugs_with_smap) still using the old two-boolean shape. Mergiraf kept both, leaving stale calls. Developer resolution fixed them to execute(activeRules). Line numbers derived from the merged-vs-developer hunk header (@@ -279 merged). Actual method declaration is cross-file (FindbugsExecutor.java, not in unit)."
square_javapoet__d019b6f624,D1,stale-usage-of-pruned-import,ok,True,ok,"import `ArrayList` replaced by ours; 1 usage site(s), added by theirs",1,exact/exact,,,"COMPILE DELTA is (none) and MERGED==DEVELOPER for file 1, likely because single-file javac without classpath cannot resolve most java.util symbols so the missing-ArrayList error is not distinguishable as a delta; the D1 shape (ours pruned java.util.ArrayList import; theirs added a body using ArrayList) is nonetheless clear at merged line 95 of JavaWriter.java."
thenewcircle_spring-hibernate-20120924__7ec9c1b4bb,D1,stale-usage-of-pruned-import,ok,True,ok,"import `Contact` removed by theirs; 5 usage site(s), added by ours",5,exact/exact,,,"Compile delta reports (none), likely because single-file javac cannot resolve any cross-file type (ContactRepository, Model, etc.), masking the Contact/Address RESOLVE errors relative to dev. Developer resolution matches theirs (deleted the new methods entirely), which also removes RequestParam usage. Classic D1: importer (theirs) pruned Contact/Address imports while the other side (ours) kept usages."
tumblr_jumblr__31bd6f8335,D1,stale-usage-of-pruned-import,ok,True,ok,"import `JsonElement` removed by ours; 2 usage site(s), added by theirs",2,exact/exact,,,"File 2 (RequestBuilder.java) also removed an import (`import com.tumblr.jumblr.request.MultipartConverter;`, a same-package type needing no import) but that is not the failure vector. The genuine D1 shape is in File 1: ours pruned the JsonElement import while theirs added JsonElement usage."
urbanairship_java-library__bbe0297a10,D2,stale-caller-of-changed-signature,partial,False,old_sig=missing/absent new_sig=missing/absent call_sites=ok,"param_type_changed; arity_changed=no by unclear; decl_visible=no; 2 call site(s); testNamedUserFullPayload passes a Map<String, String> to addAllPropertyEntries whose param",2,empty/empty/exact,"d2.old_signature: declaration of addAllPropertyEntries lives in CustomEventBody(.Builder) model class, which is not one of the two files shown in this unit; d2.new_signature: declaration of addAllPropertyEntries lives in CustomEventBody(.Builder) model class, not shown in this unit",,"The signature change (addAllPropertyEntries now takes Map<String,CustomEventPropValue>) is on the CustomEventBody model class, which is cross-file and not shown. Theirs added testNamedUserFullPayload using the old Map<String,String> shape; ours adopted the new type everywhere. Merged combines them, so the stale call fails to compile/deserialize. Developer resolution confirms fix by converting to CustomEventPropValue.of(...)."
winder_universal-g-code-sender__c93fec43ee,D2,stale-caller-of-changed-signature,ok,True,ok,return_type_changed; arity_changed=no by ours; decl_visible=yes; 1 call site(s); OURS changed getProcessor's return type to Optional<CommandProcessor> and wrapped every re,1,exact/exact/exact,,,"The stale site is a return statement inside the same method whose return type changed, not an external caller; the mismatch is a return-value/return-type conflict rather than an argument-count mismatch. Separately, THEIRS's EmptyLineRemoverProcessor is referenced with no matching import (OURS narrowed the wildcard), a secondary breakage. The developer resolution confirms the fix: wrapping in Optional.of(...). Compile delta reports (none), likely because single-file javac cannot resolve the missing type either way."
yandex-qatools_postgresql-embedded__6e15a53c7e,D3,stale-reference-to-removed-declaration,ok,True,ok,field removed by ours; 1 ref site(s); rm2=no joern=no,1,exact/exact,,A field deleted by one side while the other side added a write reference to it: the field is unresolved in the deleting parent (killing Joern's both-parents guard) and the deletion is not a rename (invisible to RM2).,"Ours removed the `processReady` field and its `isProcessReady()` getter; theirs added `this.processReady = true;` inside onAfterProcessStart. Mergiraf kept theirs' write but ours' field removal, leaving a dangling reference (merged line 253). Developer resolution re-adds `private volatile boolean processReady = false;` and the getter, confirming the field was not inherited. Single-file COMPILE DELTA shows (none), likely because isolated javac cannot resolve the superclass AbstractPGProcess, masking the missing-symbol error."
