arm,merge_id,scenario_id,route_p3,p3_outcome,p3_reject_reason,p3_classification,predicted_outcome,predicted_reject_reason,predicted_classification,basis
pos,ahome-it_lienzo-core__bf4b253816,ahome-it_lienzo-core__bf4b253816__src_main_java_com_ait_lienzo_client_core_shape_wires_WiresShape.java,mergiraf,conflict,semantic,TN,conflict,semantic,TN,unchanged
pos,alesaudate_kickstart-springjerseyhibernate__feb36bfc8e,alesaudate_kickstart-springjerseyhibernate__feb36bfc8e__src_main_java_com_alesaudate_samples_springjersey_example_People.java,git,conflict,textual,TN,conflict,textual,TN,unchanged
pos,apache_commons-lang__53184369d0,apache_commons-lang__53184369d0__src_main_java_org_apache_commons_lang3_builder_ReflectionToStringBuilder.java,git,clean,,FP,clean,,FP,unchanged
pos,apache_olingo-odata4__820b462f49,apache_olingo-odata4__820b462f49__lib_client-core_src_main_java_org_apache_olingo_client_core_serialization_JsonSerializer.java,mergiraf,clean,,FP,clean,,FP,unchanged
pos,apache_olingo-odata4__cf731c2cb8,apache_olingo-odata4__cf731c2cb8__lib_client-core_src_main_java_org_apache_olingo_client_core_serialization_JsonSerializer.java,mergiraf,clean,,FP,clean,,FP,unchanged
pos,apache_olingo-odata4__cf731c2cb8,apache_olingo-odata4__cf731c2cb8__lib_client-core_src_test_java_org_apache_olingo_client_core_JSONTest.java,mergiraf,clean,,FP,clean,,FP,unchanged
pos,apache_shiro__13806fc623,apache_shiro__13806fc623__web_src_test_java_org_apache_shiro_web_mgt_CookieRememberMeManagerTest.java,mergiraf,clean,,FP,clean,,FP,unchanged
pos,atam4j_atam4j__71fcecb071,atam4j_atam4j__71fcecb071__acceptance-tests_src_test_java_me_atam_atam4jsampleapp_PassingTestAcceptanceTest.java,mergiraf,clean,,FP,clean,,FP,unchanged
pos,atam4j_atam4j__71fcecb071,atam4j_atam4j__71fcecb071__acceptance-tests_src_test_java_me_atam_atam4jsampleapp_testsupport_AcceptanceTest.java,mergiraf,conflict,semantic,TN,conflict,semantic,TN,unchanged
pos,azuread_azure-activedirectory-library-for-java__d3f143872b,azuread_azure-activedirectory-library-for-java__d3f143872b__src_test_java_com_microsoft_aad_adal4j_AuthenticationContextTest.java,mergiraf,clean,,FP,clean,,FP,unchanged
pos,bedatadriven_jackson-datatype-jts__1416f1af06,bedatadriven_jackson-datatype-jts__1416f1af06__src_main_java_com_bedatadriven_jackson_datatype_jts_GeometryDeserializer.java,git,conflict,textual,TN,conflict,textual,TN,unchanged
pos,bguerout_jongo__3aaaf0e4c7,bguerout_jongo__3aaaf0e4c7__src_main_java_org_jongo_Jongo.java,mergiraf,clean,,FP,clean,,FP,unchanged
pos,blockchain_api-v1-client-java__abdf54e6ab,blockchain_api-v1-client-java__abdf54e6ab__src_main_java_info_blockchain_api_HttpClient.java,mergiraf,clean,,FP,clean,,FP,unchanged
pos,blockchain_api-v1-client-java__e349598f95,blockchain_api-v1-client-java__e349598f95__src_main_java_info_blockchain_api_HttpClient.java,mergiraf,clean,,FP,clean,,FP,unchanged
pos,buddycloud_buddycloud-server-java__33ec3ec7cd,buddycloud_buddycloud-server-java__33ec3ec7cd__src_main_java_org_buddycloud_channelserver_packetprocessor_iq_namespace_pubsub_set_UnsubscribeSet.java,git,clean,,FP,clean,,FP,unchanged
pos,buddycloud_buddycloud-server-java__33ec3ec7cd,buddycloud_buddycloud-server-java__33ec3ec7cd__src_test_java_org_buddycloud_channelserver_packetprocessor_iq_namespace_pubsub_set_UnsubscribeSetTest.java,git,clean,,FP,clean,,FP,unchanged
pos,buddycloud_buddycloud-server-java__43c8b054e9,buddycloud_buddycloud-server-java__43c8b054e9__src_main_java_org_buddycloud_channelserver_packetprocessor_iq_namespace_pubsub_set_NodeDelete.java,mergiraf,clean,,FP,clean,,FP,unchanged
pos,buddycloud_buddycloud-server-java__43c8b054e9,buddycloud_buddycloud-server-java__43c8b054e9__src_test_java_org_buddycloud_channelserver_packetprocessor_iq_namespace_pubsub_get_SubscriptionsGetTest.java,mergiraf,clean,,FP,clean,,FP,unchanged
pos,buddycloud_buddycloud-server-java__48e4675ee2,buddycloud_buddycloud-server-java__48e4675ee2__src_main_java_org_buddycloud_channelserver_packetprocessor_iq_namespace_pubsub_get_RepliesGet.java,mergiraf,clean,,FP,clean,,FP,unchanged
pos,buddycloud_buddycloud-server-java__48e4675ee2,buddycloud_buddycloud-server-java__48e4675ee2__src_test_java_org_buddycloud_channelserver_packetprocessor_iq_namespace_pubsub_get_RepliesGetTest.java,git,conflict,textual,TN,conflict,textual,TN,unchanged
pos,buschmais_extended-objects__46ec306cf6,buschmais_extended-objects__46ec306cf6__neo4j_remote_src_main_java_com_buschmais_xo_neo4j_remote_impl_datastore_RemoteDatastoreEntityManager.java,mergiraf,clean,,FP,clean,,FP,unchanged
pos,camsys_onebusaway-application-modules__915e2f3ffe,camsys_onebusaway-application-modules__915e2f3ffe__onebusaway-transit-data-federation_src_main_java_org_onebusaway_transit_data_federation_impl_beans_StopWithArrivalsAndDeparturesBeanServiceImpl.java,git,clean,,FP,clean,,FP,unchanged
pos,camsys_onebusaway-application-modules__e779e9fce1,camsys_onebusaway-application-modules__e779e9fce1__onebusaway-transit-data_src_main_java_org_onebusaway_transit_data_model_ArrivalsAndDeparturesQueryBean.java,mergiraf,clean,,FP,clean,,FP,unchanged
pos,clojure_clojure__77342d2e35,clojure_clojure__77342d2e35__src_jvm_clojure_lang_Compiler.java,mergiraf,clean,,FP,clean,,FP,unchanged
pos,cloudfoundry_cf-java-client__80d0a0dff9,cloudfoundry_cf-java-client__80d0a0dff9__cloudfoundry-operations_src_main_java_org_cloudfoundry_operations_serviceadmin_DefaultServiceAdmin.java,git,clean,,FP,clean,,FP,unchanged
pos,cloudfoundry_cf-java-client__933add90ad,cloudfoundry_cf-java-client__933add90ad__cloudfoundry-operations_src_main_java_org_cloudfoundry_operations_useradmin_DefaultUserAdmin.java,git,clean,,FP,clean,,FP,unchanged
pos,cloudfoundry_cf-java-client__9f6b79e294,cloudfoundry_cf-java-client__9f6b79e294__cloudfoundry-operations_src_main_java_org_cloudfoundry_operations_applications_DefaultApplications.java,git,clean,,FP,clean,,FP,unchanged
pos,cloudfoundry_cf-java-client__a69078adc8,cloudfoundry_cf-java-client__a69078adc8__cloudfoundry-operations_src_main_java_org_cloudfoundry_operations__DefaultCloudFoundryOperations.java,git,clean,,FP,clean,,FP,unchanged
pos,cloudfoundry_cf-java-client__a69078adc8,cloudfoundry_cf-java-client__a69078adc8__integration-test_src_test_java_org_cloudfoundry_IntegrationTestConfiguration.java,mergiraf,clean,,FP,clean,,FP,unchanged
pos,cloudfoundry_cf-java-client__a9d35d542d,cloudfoundry_cf-java-client__a9d35d542d__cloudfoundry-operations_src_main_java_org_cloudfoundry_operations_routes_DefaultRoutes.java,mergiraf,clean,,FP,clean,,FP,unchanged
pos,cloudfoundry_cf-java-client__a9d35d542d,cloudfoundry_cf-java-client__a9d35d542d__integration-test_src_test_java_org_cloudfoundry_operations_RoutesTest.java,git,clean,,FP,clean,,FP,unchanged
pos,cloudfoundry_cf-java-client__b0add1ef2a,cloudfoundry_cf-java-client__b0add1ef2a__cloudfoundry-operations_src_main_java_org_cloudfoundry_operations_services_DefaultServices.java,mergiraf,clean,,FP,clean,,FP,unchanged
pos,cloudfoundry_cf-java-client__be097d5860,cloudfoundry_cf-java-client__be097d5860__cloudfoundry-client-reactor_src_main_java_org_cloudfoundry_reactor__DefaultConnectionContext.java,mergiraf,clean,,FP,clean,,FP,unchanged
pos,cloudfoundry_cf-java-client__be097d5860,cloudfoundry_cf-java-client__be097d5860__cloudfoundry-client-reactor_src_main_java_org_cloudfoundry_reactor_util_DefaultSslCertificateTruster.java,mergiraf,clean,,FP,clean,,FP,unchanged
pos,cloudfoundry_cf-java-client__eb3b2f5beb,cloudfoundry_cf-java-client__eb3b2f5beb__cloudfoundry-operations_src_main_java_org_cloudfoundry_operations__DefaultCloudFoundryOperations.java,git,clean,,FP,clean,,FP,unchanged
pos,cloudslang_score__66ba4f51e3,cloudslang_score__66ba4f51e3__score-api_src_main_java_io_cloudslang_score_lang_ExecutionRuntimeServices.java,mergiraf,conflict,textual,TN,conflict,textual,TN,unchanged
pos,comatoes_ftl-profile-editor__e87fe65818,comatoes_ftl-profile-editor__e87fe65818__src_main_java_net_blerf_ftl_parser_SavedGameParser.java,mergiraf,conflict,semantic,TN,conflict,semantic,TN,unchanged
pos,cribbstechnologies_java-mandrill-wrapper__0cf79745f1,cribbstechnologies_java-mandrill-wrapper__0cf79745f1__src_main_java_com_cribbstechnologies_clients_mandrill_model_MandrillMessage.java,git,conflict,textual,TN,conflict,textual,TN,unchanged
pos,cribbstechnologies_java-mandrill-wrapper__0cf79745f1,cribbstechnologies_java-mandrill-wrapper__0cf79745f1__src_test_java_com_cribbstechnologies_clients_mandrill_request_MandrillRESTRequestTest.java,git,conflict,textual,TN,conflict,textual,TN,unchanged
pos,cternes_openkeepass__bb53512ab2,cternes_openkeepass__bb53512ab2__src_main_java_de_slackspace_openkeepass_KeePassDatabase.java,git,clean,,FP,clean,,FP,unchanged
pos,cternes_openkeepass__bb53512ab2,cternes_openkeepass__bb53512ab2__src_test_java_de_slackspace_openkeepass_reader_KeepassDatabaseReaderTest.java,git,conflict,textual,TN,conflict,textual,TN,unchanged
pos,dabsquared_gitlab-plugin__d555b8773d,dabsquared_gitlab-plugin__d555b8773d__src_main_java_com_dabsquared_gitlabjenkins_connection_GitLabConnectionConfig.java,mergiraf,clean,,FP,clean,,FP,unchanged
pos,datastax_java-driver__0dd96ea21f,datastax_java-driver__0dd96ea21f__driver-core_src_main_java_com_datastax_driver_core_TableMetadata.java,mergiraf,conflict,textual,TN,conflict,textual,TN,unchanged
pos,datastax_java-driver__1f25c7e3a0,datastax_java-driver__1f25c7e3a0__driver-core_src_main_java_com_datastax_driver_core_Cluster.java,git,clean,,FP,clean,,FP,unchanged
pos,datastax_java-driver__1f25c7e3a0,datastax_java-driver__1f25c7e3a0__driver-core_src_main_java_com_datastax_driver_core_TypeCodec.java,mergiraf,conflict,textual,TN,conflict,textual,TN,unchanged
pos,datastax_java-driver__3eb34e6785,datastax_java-driver__3eb34e6785__driver-core_src_main_java_com_datastax_driver_core_TableMetadata.java,mergiraf,conflict,textual,TN,conflict,textual,TN,unchanged
pos,datastax_java-driver__725b790a79,datastax_java-driver__725b790a79__driver-core_src_main_java_com_datastax_driver_core_Cluster.java,mergiraf,conflict,semantic,TN,conflict,textual,TN,"unchanged | borderline-margin (textual<->semantic, cost-identical)"
pos,datastax_java-driver__7ff4958746,datastax_java-driver__7ff4958746__driver-core_src_main_java_com_datastax_driver_core_Cluster.java,mergiraf,clean,,FP,clean,,FP,unchanged
pos,datastax_java-driver__7ff4958746,datastax_java-driver__7ff4958746__driver-core_src_main_java_com_datastax_driver_core_ControlConnection.java,mergiraf,clean,,FP,clean,,FP,unchanged
pos,datastax_java-driver__e1535e89ad,datastax_java-driver__e1535e89ad__driver-core_src_main_java_com_datastax_driver_core_HostConnectionPool.java,mergiraf,conflict,semantic,TN,conflict,semantic,TN,unchanged
pos,deemopen_zkui__2843e7c28f,deemopen_zkui__2843e7c28f__src_main_java_com_deem_zkui_controller_Import.java,git,clean,,FP,clean,,FP,unchanged
pos,deemopen_zkui__2843e7c28f,deemopen_zkui__2843e7c28f__src_main_java_com_deem_zkui_vo_LeafBean.java,git,conflict,textual,TN,conflict,textual,TN,unchanged
pos,digidotcom_xbeejavalibrary__6279f85f74,digidotcom_xbeejavalibrary__6279f85f74__src_com_digi_xbee_api_XBeeDevice.java,mergiraf,conflict,textual,TN,conflict,textual,TN,unchanged
pos,dius_java-faker__4c61966b1c,dius_java-faker__4c61966b1c__src_main_java_com_github_javafaker_Faker.java,git,clean,,FP,clean,,FP,unchanged
pos,dtrules_dtrules__505c5cbf82,dtrules_dtrules__505c5cbf82__compilerutil_src_main_java_com_dtrules_trace_Trace.java,mergiraf,clean,,FP,clean,,FP,unchanged
pos,elisarver_selophane__4ecc600017,elisarver_selophane__4ecc600017__src_test_java_org_selophane_elements_FormTest.java,git,clean,,FP,clean,,FP,unchanged
pos,elisarver_selophane__4ecc600017,elisarver_selophane__4ecc600017__src_test_java_org_selophane_elements_helpers_FormTestObject.java,git,clean,,FP,clean,,FP,unchanged
pos,erudika_para__a9e67cc8b3,erudika_para__a9e67cc8b3__para-server_src_main_java_com_erudika_para_aop_IndexAndCacheAspect.java,mergiraf,conflict,semantic,TN,conflict,semantic,TN,unchanged
pos,fasterxml_jackson-core__2572819ed9,fasterxml_jackson-core__2572819ed9__src_test_java_com_fasterxml_jackson_core_sym_TestSymbolTables.java,git,clean,,FP,clean,,FP,unchanged
pos,fasterxml_jackson-datatype-joda__4e6c266339,fasterxml_jackson-datatype-joda__4e6c266339__src_test_java_com_fasterxml_jackson_datatype_joda_JodaSerializationTest.java,git,clean,,FP,clean,,FP,unchanged
pos,feroult_yawp__141f79a8e9,feroult_yawp__141f79a8e9__src_main_java_endpoint_repository_IdRef.java,git,clean,,FP,clean,,FP,unchanged
pos,feroult_yawp__1723236a65,feroult_yawp__1723236a65__src_main_java_endpoint_actions_RepositoryActions.java,mergiraf,clean,,FP,clean,,FP,unchanged
pos,frankbille_scoreboard__890ecd0bdb,frankbille_scoreboard__890ecd0bdb__src_main_java_dk_frankbille_scoreboard_domain_Player.java,mergiraf,clean,,FP,clean,,FP,unchanged
pos,garbagemule_mobarena__b34dc0d5ac,garbagemule_mobarena__b34dc0d5ac__src_main_java_com_garbagemule_MobArena_MASpawnThread.java,git,clean,,FP,clean,,FP,unchanged
pos,google_compile-testing__608e1cb92a,google_compile-testing__608e1cb92a__src_test_java_com_google_testing_compile_JavaSourcesSubjectFactoryTest.java,git,conflict,textual,FN,conflict,textual,FN,unchanged
pos,google_truth__2e4a23bebb,google_truth__2e4a23bebb__core_src_main_java_org_truth0_subjects_StringSubject.java,git,clean,,FP,clean,,FP,unchanged
pos,google_truth__2e4a23bebb,google_truth__2e4a23bebb__core_src_test_java_org_truth0_subjects_StringTest.java,git,clean,,FP,clean,,FP,unchanged
pos,google_truth__9289ed34ae,google_truth__9289ed34ae__src_main_java_org_junit_contrib_truth_subjects_IterableSubject.java,git,conflict,textual,TN,conflict,textual,TN,unchanged
pos,google_truth__9289ed34ae,google_truth__9289ed34ae__src_test_java_org_junit_contrib_truth_IterableTest.java,mergiraf,clean,,FP,clean,,FP,unchanged
pos,greese_dasein-cloud-core__6c37152e5f,greese_dasein-cloud-core__6c37152e5f__src_main_java_org_dasein_cloud_network_LoadBalancerHealthCheck.java,git,conflict,textual,FN,conflict,textual,FN,unchanged
pos,guhilling_cdi-test__f3f8094c67,guhilling_cdi-test__f3f8094c67__cdi-test-jpa_src_test_java_de_hilling_junit_cdi_jee_EntityManagerLifecycleTest.java,mergiraf,clean,,FP,clean,,FP,unchanged
pos,gwtbootstrap3_gwtbootstrap3__5c0d1eab79,gwtbootstrap3_gwtbootstrap3__5c0d1eab79__gwtbootstrap3_src_main_java_org_gwtbootstrap3_client_ui_base_form_AbstractForm.java,mergiraf,clean,,FP,clean,,FP,unchanged
pos,haraldwalker_user-agent-utils__eaaaa1488b,haraldwalker_user-agent-utils__eaaaa1488b__src_main_java_eu_bitwalker_useragentutils_Browser.java,git,clean,,FP,clean,,FP,unchanged
pos,haraldwalker_user-agent-utils__eaaaa1488b,haraldwalker_user-agent-utils__eaaaa1488b__src_main_java_eu_bitwalker_useragentutils_OperatingSystem.java,git,clean,,FP,clean,,FP,unchanged
pos,ignorance77_transformiceapi__9a65b8374f,ignorance77_transformiceapi__9a65b8374f__src_main_java_ee_ignorance_transformiceapi_processors_MouseDeathProcessor.java,git,clean,,FP,clean,,FP,unchanged
pos,imixs_imixs-workflow__23b86de5b4,imixs_imixs-workflow__23b86de5b4__imixs-workflow-index-lucene_src_main_java_org_imixs_workflow_engine_lucene_LuceneIndexService.java,mergiraf,clean,,FP,clean,,FP,unchanged
pos,imixs_imixs-workflow__23b86de5b4,imixs_imixs-workflow__23b86de5b4__imixs-workflow-index-lucene_src_main_java_org_imixs_workflow_engine_lucene_LuceneUpdateService.java,mergiraf,clean,,FP,clean,,FP,unchanged
pos,iryndin_jdbf__9853124d73,iryndin_jdbf__9853124d73__src_main_java_net_iryndin_jdbf_util_DbfMetadataUtils.java,mergiraf,clean,,FP,clean,,FP,unchanged
pos,j256_ormlite-core__2c159335d4,j256_ormlite-core__2c159335d4__src_main_java_com_j256_ormlite_stmt_mapped_MappedCreate.java,mergiraf,clean,,FP,clean,,FP,unchanged
pos,j256_ormlite-core__606986f118,j256_ormlite-core__606986f118__src_main_java_com_j256_ormlite_field_FieldType.java,mergiraf,clean,,FP,clean,,FP,unchanged
pos,jacquesberger_jsonparsingexample__ac521954c2,jacquesberger_jsonparsingexample__ac521954c2__src_main_java_org_jberger_jsonparsingexample_json_JSON.java,mergiraf,conflict,semantic,TN,conflict,semantic,TN,unchanged
pos,jadler-mocking_jadler__294a06c3fc,jadler-mocking_jadler__294a06c3fc__jadler-core_src_main_java_net_jadler_JadlerMocker.java,mergiraf,clean,,FP,clean,,FP,unchanged
pos,javamoney_jsr354-api__6d2356a153,javamoney_jsr354-api__6d2356a153__money-api_provider_src_test_java_javax_money_provider_MonetaryTest.java,mergiraf,clean,,FP,clean,,FP,unchanged
pos,javaparser_javaparser__41a398414f,javaparser_javaparser__41a398414f__javaparser-symbol-solver-core_src_main_java_com_github_javaparser_symbolsolver_javaparsermodel_JavaParserFacade.java,mergiraf,clean,,FP,clean,,FP,unchanged
pos,javaparser_javaparser__41a398414f,javaparser_javaparser__41a398414f__javaparser-symbol-solver-core_src_main_java_com_github_javaparser_symbolsolver_javaparsermodel_TypeExtractor.java,git,clean,,FP,clean,,FP,unchanged
pos,javaparser_javaparser__91ebf36c06,javaparser_javaparser__91ebf36c06__javaparser-symbol-solver-core_src_main_java_com_github_javaparser_symbolsolver_javassistmodel_JavassistClassDeclaration.java,mergiraf,clean,,FP,clean,,FP,unchanged
pos,javaparser_javaparser__91ebf36c06,javaparser_javaparser__91ebf36c06__javaparser-symbol-solver-testing_src_test_java_com_github_javaparser_symbolsolver_resolution_AnalyseJavaSymbolSolver060Test.java,mergiraf,clean,,FP,clean,,FP,unchanged
pos,javaparser_javaparser__a23c6aa3b8,javaparser_javaparser__a23c6aa3b8__javaparser-testing_src_test_java_com_github_javaparser_bdd_steps_DumpingSteps.java,mergiraf,clean,,FP,clean,,FP,unchanged
pos,javaparser_javaparser__dc6254f1bf,javaparser_javaparser__dc6254f1bf__javaparser-symbol-solver-core_src_main_java_com_github_javaparser_symbolsolver_javaparsermodel_declarations_JavaParserSymbolDeclaration.java,mergiraf,clean,,FP,clean,,FP,unchanged
pos,javaparser_javaparser__ff91564b7f,javaparser_javaparser__ff91564b7f__javaparser-core-testing_src_test_java_com_github_javaparser_modules_ModuleDeclarationTest.java,mergiraf,clean,,FP,clean,,FP,unchanged
pos,jboss-msc_jboss-msc__1d9b8d45ff,jboss-msc_jboss-msc__1d9b8d45ff__src_main_java_org_jboss_msc_service_BatchInjectionBuilderImpl.java,git,conflict,textual,FN,conflict,textual,FN,unchanged
pos,jboss-msc_jboss-msc__a4e21a3b10,jboss-msc_jboss-msc__a4e21a3b10__src_main_java_org_jboss_msc_service_ServiceContainerImpl.java,git,clean,,FP,clean,,FP,unchanged
pos,jboss-remoting_jboss-remoting__66a0631d13,jboss-remoting_jboss-remoting__66a0631d13__src_main_java_org_jboss_remoting3_RemotingXmlParser.java,git,clean,,FP,clean,,FP,unchanged
pos,jcabi_jcabi-github__27cc460e3c,jcabi_jcabi-github__27cc460e3c__src_main_java_com_jcabi_github_Gist.java,mergiraf,clean,,FP,clean,,FP,unchanged
pos,jcabi_jcabi-github__27cc460e3c,jcabi_jcabi-github__27cc460e3c__src_test_java_com_jcabi_github_RtGistITCase.java,mergiraf,conflict,semantic,TN,conflict,semantic,TN,unchanged
pos,jcabi_jcabi-github__b13d2596ba,jcabi_jcabi-github__b13d2596ba__src_test_java_com_jcabi_github_RtIssueITCase.java,git,conflict,textual,TN,conflict,textual,TN,unchanged
pos,jcabi_jcabi-github__b13d2596ba,jcabi_jcabi-github__b13d2596ba__src_test_java_com_jcabi_github_RtMilestonesITCase.java,mergiraf,clean,,FP,clean,,FP,unchanged
pos,jcabi_jcabi-github__e18a8ffd16,jcabi_jcabi-github__e18a8ffd16__src_test_java_com_jcabi_github_RtHooksITCase.java,mergiraf,conflict,semantic,TN,conflict,semantic,TN,unchanged
pos,jcabi_jcabi-http__0c63dd0c75,jcabi_jcabi-http__0c63dd0c75__src_main_java_com_jcabi_http_mock_MkQueryMatchers.java,git,clean,,TP,clean,,TP,unchanged
pos,jdupl_lancoder__407742ea19,jdupl_lancoder__407742ea19__src_main_java_org_lancoder_Main.java,git,clean,,FP,clean,,FP,unchanged
pos,jdupl_lancoder__407742ea19,jdupl_lancoder__407742ea19__src_main_java_org_lancoder_master_api_web_ApiServer.java,git,conflict,textual,FN,conflict,textual,FN,unchanged
pos,jenkinsci_coverity-plugin__2fb8690816,jenkinsci_coverity-plugin__2fb8690816__src_main_java_jenkins_plugins_coverity_CoverityTool_CoverityToolHandler.java,git,clean,,FP,clean,,FP,unchanged
pos,jenkinsci_coverity-plugin__62bdb6232e,jenkinsci_coverity-plugin__62bdb6232e__src_main_java_jenkins_plugins_coverity_ws_DefectReader.java,mergiraf,clean,,FP,clean,,FP,unchanged
pos,jenkinsci_coverity-plugin__62bdb6232e,jenkinsci_coverity-plugin__62bdb6232e__src_test_java_jenkins_plugins_coverity_ws_DefectReaderTest.java,git,clean,,FP,clean,,FP,unchanged
pos,jenkinsci_credentials-plugin__b9cb5f9d1b,jenkinsci_credentials-plugin__b9cb5f9d1b__src_test_java_com_cloudbees_plugins_credentials_casc_CredentialsCategoryTest.java,mergiraf,clean,,FP,clean,,FP,unchanged
pos,jenkinsci_docker-build-publish-plugin__59faa9673c,jenkinsci_docker-build-publish-plugin__59faa9673c__src_main_java_com_cloudbees_dockerpublish_DockerBuilder.java,mergiraf,clean,,FP,clean,,FP,unchanged
pos,jenkinsci_email-ext-plugin__4def0e56a8,jenkinsci_email-ext-plugin__4def0e56a8__src_test_java_hudson_plugins_emailext_recipients_EmailRecipientUtilsTest.java,git,clean,,FP,clean,,FP,unchanged
pos,jenkinsci_jira-plugin__0eec353cb5,jenkinsci_jira-plugin__0eec353cb5__src_main_java_hudson_plugins_jira_JiraSite.java,git,clean,,FP,clean,,FP,unchanged
pos,jenkinsci_jira-plugin__6ad78581c9,jenkinsci_jira-plugin__6ad78581c9__src_main_java_hudson_plugins_jira_JiraChangeLogAnnotator.java,git,clean,,FP,clean,,FP,unchanged
pos,jenkinsci_jira-plugin__6ad78581c9,jenkinsci_jira-plugin__6ad78581c9__src_main_java_hudson_plugins_jira_JiraSite.java,mergiraf,clean,,FP,clean,,FP,unchanged
pos,jenkinsci_ldap-plugin__3eee59e25a,jenkinsci_ldap-plugin__3eee59e25a__src_main_java_hudson_security_LDAPSecurityRealm.java,mergiraf,clean,,FP,clean,,FP,unchanged
pos,jenkinsci_ui-samples-plugin__81bf937a3d,jenkinsci_ui-samples-plugin__81bf937a3d__src_main_java_io_jenkins_plugins_designlibrary_Root.java,git,conflict,textual,TN,conflict,textual,TN,unchanged
pos,jline_jline2__348cb9dada,jline_jline2__348cb9dada__src_main_java_jline_console_ConsoleReader.java,mergiraf,clean,,FP,clean,,FP,unchanged
pos,jline_jline2__348cb9dada,jline_jline2__348cb9dada__src_test_java_jline_console_ConsoleReaderTestSupport.java,git,clean,,FP,clean,,FP,unchanged
pos,jline_jline2__5869eaa93a,jline_jline2__5869eaa93a__src_main_java_jline_console_ConsoleReader.java,mergiraf,conflict,textual,TN,conflict,textual,TN,unchanged
pos,jmetal_jmetal__162d1a63b7,jmetal_jmetal__162d1a63b7__jmetal-core_src_main_java_org_uma_jmetal_util_SolutionListUtils.java,mergiraf,clean,,FP,clean,,FP,unchanged
pos,jmetal_jmetal__162d1a63b7,jmetal_jmetal__162d1a63b7__jmetal-core_src_main_java_org_uma_jmetal_util_neighborhood_impl_AdaptiveRandomNeighborhood.java,mergiraf,clean,,FP,clean,,FP,unchanged
pos,jmetal_jmetal__7d9295f890,jmetal_jmetal__7d9295f890__jmetal-problem_src_main_java_org_uma_jmetal_problem_multiobjective_MultiobjectiveTSP.java,mergiraf,clean,,FP,clean,,FP,unchanged
pos,jmetal_jmetal__b4630972a8,jmetal_jmetal__b4630972a8__jmetal-auto_src_main_java_org_uma_jmetal_auto_parameter_Parameter.java,mergiraf,clean,,FP,clean,,FP,unchanged
pos,jnr_jnr-unixsocket__467698b6bd,jnr_jnr-unixsocket__467698b6bd__src_main_java_jnr_unixsocket_Native.java,mergiraf,clean,,FP,clean,,FP,unchanged
pos,jnr_jnr-unixsocket__467698b6bd,jnr_jnr-unixsocket__467698b6bd__src_main_java_jnr_unixsocket_UnixSocketChannel.java,git,clean,,FP,clean,,FP,unchanged
pos,jnr_jnr-unixsocket__f8f34e5634,jnr_jnr-unixsocket__f8f34e5634__src_main_java_jnr_unixsocket_Native.java,mergiraf,clean,,FP,clean,,FP,unchanged
pos,joel-costigliola_assertj-core__1b4ad829f3,joel-costigliola_assertj-core__1b4ad829f3__src_test_java_org_assertj_core_api_SoftAssertionsTest.java,mergiraf,clean,,FP,clean,,FP,unchanged
pos,joel-costigliola_assertj-core__74baae279d,joel-costigliola_assertj-core__74baae279d__src_main_java_org_assertj_core_api_AbstractMapAssert.java,mergiraf,clean,,FP,clean,,FP,unchanged
pos,joel-costigliola_assertj-core__74baae279d,joel-costigliola_assertj-core__74baae279d__src_main_java_org_assertj_core_api_AbstractObjectAssert.java,git,clean,,TP,clean,,TP,unchanged
pos,jparsec_jparsec__ef02642abd,jparsec_jparsec__ef02642abd__src_main_java_org_codehaus_jparsec_Parser.java,git,conflict,textual,TN,conflict,textual,TN,unchanged
pos,jsprit_jsprit__5cf6758085,jsprit_jsprit__5cf6758085__jsprit-core_src_test_java_jsprit_core_analysis_SolutionAnalyserTest.java,git,clean,,FP,clean,,FP,unchanged
pos,jwtk_jjwt__ff932e9838,jwtk_jjwt__ff932e9838__src_main_java_io_jsonwebtoken_impl_DefaultJwtParser.java,mergiraf,clean,,FP,clean,,FP,unchanged
pos,k3po_k3po__084cc0b426,k3po_k3po__084cc0b426__specification_wse_src_test_java_org_kaazing_specification_wse_data_BinaryAsEscapedTextIT.java,mergiraf,clean,,FP,clean,,FP,unchanged
pos,kaazing_k3po__084cc0b426,kaazing_k3po__084cc0b426__specification_wse_src_test_java_org_kaazing_specification_wse_data_BinaryAsEscapedTextIT.java,mergiraf,clean,,FP,clean,,FP,unchanged
pos,kaazing_robot__084cc0b426,kaazing_robot__084cc0b426__specification_wse_src_test_java_org_kaazing_specification_wse_data_BinaryAsEscapedTextIT.java,mergiraf,clean,,FP,clean,,FP,unchanged
pos,kohsuke_github-api__4e56b8bb78,kohsuke_github-api__4e56b8bb78__src_main_java_org_kohsuke_github_GHRepository.java,git,conflict,textual,TN,conflict,textual,TN,unchanged
pos,kohsuke_github-api__4e56b8bb78,kohsuke_github-api__4e56b8bb78__src_main_java_org_kohsuke_github_Requester.java,git,clean,,FP,clean,,FP,unchanged
pos,kongchen_swagger-maven-plugin__1e61731653,kongchen_swagger-maven-plugin__1e61731653__src_main_java_com_github_kongchen_swagger_docgen_reader_SpringMvcApiReader.java,git,clean,,FP,clean,,FP,unchanged
pos,kongchen_swagger-maven-plugin__3d2ea22d07,kongchen_swagger-maven-plugin__3d2ea22d07__src_main_java_com_github_kongchen_swagger_docgen_reader_AbstractReader.java,mergiraf,clean,,FP,clean,,FP,unchanged
pos,learning-layers_socialsemanticserver__4ada3cddc3,learning-layers_socialsemanticserver__4ada3cddc3__serv_serv.custom_serv.custom.caller_src_main_java_at_tugraz_sss_serv_caller_SSServCaller.java,git,conflict,textual,TN,conflict,textual,TN,unchanged
pos,learning-layers_socialsemanticserver__4ada3cddc3,learning-layers_socialsemanticserver__4ada3cddc3__serv_serv.custom_serv.custom.ops_src_main_java_at_tugraz_sss_serv_SSServOpE.java,git,clean,,FP,clean,,FP,unchanged
pos,lwhite1_tablesaw__13178c81a1,lwhite1_tablesaw__13178c81a1__core_src_main_java_tech_tablesaw_api_DateTimeColumn.java,mergiraf,clean,,FP,clean,,FP,unchanged
pos,mashape_unirest-java__121f85b819,mashape_unirest-java__121f85b819__src_test_java_com_mashape_unirest_test_http_UnirestTest.java,git,conflict,textual,TN,conflict,textual,TN,unchanged
pos,mashape_unirest-java__b43fb95f4a,mashape_unirest-java__b43fb95f4a__src_test_java_com_mashape_unirest_test_http_UnirestTest.java,git,conflict,textual,TN,conflict,textual,TN,unchanged
pos,mbosecke_pebble__617aab328f,mbosecke_pebble__617aab328f__src_main_java_com_mitchellbosecke_pebble_extension_core_CoreExtension.java,mergiraf,clean,,FP,clean,,FP,unchanged
pos,mbosecke_pebble__617aab328f,mbosecke_pebble__617aab328f__src_test_java_com_mitchellbosecke_pebble_CoreTagsTest.java,mergiraf,clean,,FP,clean,,FP,unchanged
pos,mercadopago_sdk-java__b7498c6f9d,mercadopago_sdk-java__b7498c6f9d__src_main_java_com_mercadopago_client_payment_PaymentRefundClient.java,git,clean,,FP,clean,,FP,unchanged
pos,mikera_vectorz__d93ef1b341,mikera_vectorz__d93ef1b341__src_test_java_mikera_matrixx_TestMatrices.java,git,clean,,FP,clean,,FP,unchanged
pos,mitre_http-proxy-servlet__b7a68118f2,mitre_http-proxy-servlet__b7a68118f2__src_main_java_org_mitre_dsmiley_httpproxy_ProxyServlet.java,mergiraf,clean,,FP,clean,,FP,unchanged
pos,mixpanel_mixpanel-java__bcdd1ed28f,mixpanel_mixpanel-java__bcdd1ed28f__src_main_java_com_mixpanel_mixpanelapi_MixpanelAPI.java,git,conflict,textual,TN,conflict,textual,TN,unchanged
pos,monitorjbl_excel-streaming-reader__8698befdf4,monitorjbl_excel-streaming-reader__8698befdf4__src_main_java_com_monitorjbl_xlsx_impl_StreamingRow.java,git,clean,,TP,clean,,TP,unchanged
pos,monitorjbl_excel-streaming-reader__8698befdf4,monitorjbl_excel-streaming-reader__8698befdf4__src_test_java_com_monitorjbl_xlsx_StreamingReaderTest.java,git,conflict,textual,TN,conflict,textual,TN,unchanged
pos,movsim_movsim__00d5222b61,movsim_movsim__00d5222b61__src_main_java_org_movsim_simulator_roadSection_impl_RoadSectionImpl.java,mergiraf,conflict,textual,TN,conflict,textual,TN,unchanged
pos,movsim_movsim__6dae25caf7,movsim_movsim__6dae25caf7__core_src_main_java_org_movsim_SimulationScan.java,mergiraf,clean,,FP,clean,,FP,unchanged
pos,movsim_movsim__6dae25caf7,movsim_movsim__6dae25caf7__core_src_main_java_org_movsim_simulator_roadnetwork_RoadSegment.java,mergiraf,clean,,FP,clean,,FP,unchanged
pos,msopentech_azure-activedirectory-library-for-java__d3f143872b,msopentech_azure-activedirectory-library-for-java__d3f143872b__src_test_java_com_microsoft_aad_adal4j_AuthenticationContextTest.java,mergiraf,clean,,FP,clean,,FP,unchanged
pos,named-data_jndn__3d47402192,named-data_jndn__3d47402192__src_net_named_data_jndn_NetworkNack.java,git,clean,,FP,clean,,FP,unchanged
pos,named-data_jndn__e0db451bf1,named-data_jndn__e0db451bf1__src_net_named_data_jndn_Face.java,mergiraf,clean,,FP,clean,,FP,unchanged
pos,ninjaframework_ninja__31737c1a10,ninjaframework_ninja__31737c1a10__ninja-servlet_src_main_java_ninja_servlet_ContextImpl.java,mergiraf,clean,,FP,clean,,FP,unchanged
pos,ninjaframework_ninja__31737c1a10,ninjaframework_ninja__31737c1a10__ninja-servlet_src_test_java_ninja_servlet_ContextImplTest.java,mergiraf,clean,,FP,clean,,FP,unchanged
pos,ninjaframework_ninja__45bb542cb4,ninjaframework_ninja__45bb542cb4__ninja-core_src_main_java_ninja_AssetsController.java,git,conflict,textual,TN,conflict,textual,TN,unchanged
pos,ninjaframework_ninja__45bb542cb4,ninjaframework_ninja__45bb542cb4__ninja-demo-application_src_test_java_controllers_ApplicationControllerTest.java,git,conflict,textual,TN,conflict,textual,TN,unchanged
pos,ninjaframework_ninja__663883c228,ninjaframework_ninja__663883c228__ninja-core_src_main_java_ninja_utils_NinjaProperties.java,git,clean,,FP,clean,,FP,unchanged
pos,ninjaframework_ninja__663883c228,ninjaframework_ninja__663883c228__ninja-core_src_main_java_ninja_utils_NinjaPropertiesImpl.java,mergiraf,clean,,FP,clean,,FP,unchanged
pos,ninjaframework_ninja__94b2365be3,ninjaframework_ninja__94b2365be3__ninja-core_src_main_java_ninja_Context.java,mergiraf,clean,,FP,clean,,FP,unchanged
pos,ninjaframework_ninja__94b2365be3,ninjaframework_ninja__94b2365be3__ninja-core_src_main_java_ninja_ContextImpl.java,mergiraf,clean,,FP,clean,,FP,unchanged
pos,northlander_a__c3f2865b88,northlander_a__c3f2865b88__src_test_java_co_nordlander_a_BaseTest.java,git,conflict,textual,TN,conflict,textual,TN,unchanged
pos,nuodb_migration-tools__2e1f6973c4,nuodb_migration-tools__2e1f6973c4__src_test_java_com_nuodb_tools_migration_jdbc_metamodel_DatabaseIntrospectorTest.java,mergiraf,clean,,FP,clean,,FP,unchanged
pos,nurkiewicz_java8-workshop__f5918aa79c,nurkiewicz_java8-workshop__f5918aa79c__src_main_java_com_nurkiewicz_java8_holidays_PolishHolidays.java,git,clean,,FP,clean,,FP,unchanged
pos,nysenate_openlegislation__9c7cf034c1,nysenate_openlegislation__9c7cf034c1__src_main_java_gov_nysenate_openleg_search_committee_ElasticCommitteeSearchDao.java,mergiraf,clean,,FP,clean,,FP,unchanged
pos,okleine_ncoap__99de16a6d2,okleine_ncoap__99de16a6d2__src_main_java_de_uniluebeck_itm_spitfire_nCoap_message_CoapRequest.java,git,clean,,FP,clean,,FP,unchanged
pos,onebusaway_onebusaway-application-modules__915e2f3ffe,onebusaway_onebusaway-application-modules__915e2f3ffe__onebusaway-transit-data-federation_src_main_java_org_onebusaway_transit_data_federation_impl_beans_StopWithArrivalsAndDeparturesBeanServiceImpl.java,git,clean,,FP,clean,,FP,unchanged
pos,onebusaway_onebusaway-application-modules__e779e9fce1,onebusaway_onebusaway-application-modules__e779e9fce1__onebusaway-transit-data_src_main_java_org_onebusaway_transit_data_model_ArrivalsAndDeparturesQueryBean.java,mergiraf,clean,,FP,clean,,FP,unchanged
pos,openhft_chronicle-bytes__5bad7e86ea,openhft_chronicle-bytes__5bad7e86ea__src_main_java_net_openhft_chronicle_bytes_NativeBytes.java,git,clean,,FP,clean,,FP,unchanged
pos,openhft_chronicle-bytes__a9e7269a84,openhft_chronicle-bytes__a9e7269a84__src_main_java_net_openhft_chronicle_bytes_MappedFile.java,mergiraf,conflict,textual,TN,conflict,textual,TN,unchanged
pos,openhft_chronicle-bytes__e3ac571d25,openhft_chronicle-bytes__e3ac571d25__src_test_java_net_openhft_chronicle_bytes_BytesTest.java,git,conflict,textual,TN,conflict,textual,TN,unchanged
pos,openhft_chronicle-network__fb39c8ca3b,openhft_chronicle-network__fb39c8ca3b__src_main_java_net_openhft_chronicle_network_cluster_Cluster.java,mergiraf,conflict,textual,TN,conflict,textual,TN,unchanged
pos,openpnp_openpnp__93126880a6,openpnp_openpnp__93126880a6__src_main_java_org_openpnp_gui_MainFrame.java,mergiraf,clean,,FP,clean,,FP,unchanged
pos,openpnp_openpnp__a3cca4daba,openpnp_openpnp__a3cca4daba__src_main_java_org_openpnp_machine_reference_ReferenceNozzle.java,git,conflict,textual,TN,conflict,textual,TN,unchanged
pos,openpnp_openpnp__a3cca4daba,openpnp_openpnp__a3cca4daba__src_main_java_org_openpnp_machine_reference_ReferenceNozzleTip.java,mergiraf,clean,,FP,clean,,FP,unchanged
pos,openpnp_openpnp__fb30708fe0,openpnp_openpnp__fb30708fe0__src_main_java_org_openpnp_machine_reference_driver_GcodeDriver.java,mergiraf,clean,,FP,clean,,FP,unchanged
pos,prism_prism-bukkit__15140fadb2,prism_prism-bukkit__15140fadb2__src_main_java_me_botsko_prism_Prism.java,mergiraf,clean,,FP,clean,,FP,unchanged
pos,prism_prism-bukkit__6dfb9ef0cf,prism_prism-bukkit__6dfb9ef0cf__src_main_java_me_botsko_prism_commands_NearCommand.java,git,clean,,FP,clean,,FP,unchanged
pos,prism_prism-bukkit__74927cacad,prism_prism-bukkit__74927cacad__src_main_java_me_botsko_prism_actionlibs_ActionsQuery.java,git,conflict,textual,TN,conflict,textual,TN,unchanged
pos,prism_prism-bukkit__74927cacad,prism_prism-bukkit__74927cacad__src_main_java_me_botsko_prism_database_DeleteQuery.java,git,clean,,FP,clean,,FP,unchanged
pos,progether_jadventure__9ce4a7106c,progether_jadventure__9ce4a7106c__src_main_java_com_jadventure_game_navigation_LocationType.java,git,conflict,textual,TN,conflict,textual,TN,unchanged
pos,progether_jadventure__9ce4a7106c,progether_jadventure__9ce4a7106c__src_main_java_com_jadventure_game_prompts_CommandCollection.java,mergiraf,clean,,FP,clean,,FP,unchanged
pos,progether_jadventure__e28401af85,progether_jadventure__e28401af85__src_main_java_com_jadventure_game_prompts_CommandParser.java,git,conflict,semantic,FN,conflict,semantic,FN,git-routed-flag (verify locally pre-launch)
pos,projectblueshift_blueshiftapi__004679e5bb,projectblueshift_blueshiftapi__004679e5bb__src_main_java_net_tridentsdk_chat_ChatComponent.java,mergiraf,clean,,FP,clean,,FP,unchanged
pos,recruit-tech_redpen__58d3096f6c,recruit-tech_redpen__58d3096f6c__redpen-core_src_test_java_cc_redpen_parser_SentenceExtractorTest.java,git,clean,,FP,clean,,FP,unchanged
pos,relayrides_pushy__6badde9538,relayrides_pushy__6badde9538__src_main_java_com_relayrides_pushy_apns_PushManager.java,mergiraf,clean,,FP,clean,,FP,unchanged
pos,sailthru_sailthru-java-client__ee1f917600,sailthru_sailthru-java-client__ee1f917600__src_main_com_sailthru_client_exceptions_ApiException.java,mergiraf,clean,,FP,clean,,FP,unchanged
pos,samskivert_jmustache__940af397c4,samskivert_jmustache__940af397c4__src_main_java_com_samskivert_mustache_Mustache.java,mergiraf,clean,,FP,clean,,FP,unchanged
pos,sander2798_enderstone__3de930e0ed,sander2798_enderstone__3de930e0ed__src_org_enderstone_server_entity_EnderPlayer.java,git,clean,,FP,clean,,FP,unchanged
pos,sander2798_enderstone__b515bac1b0,sander2798_enderstone__b515bac1b0__src_org_enderstone_server_packet_codec_MinecraftServerCodex.java,mergiraf,clean,,FP,clean,,FP,unchanged
pos,sandergielisse_enderstone__3de930e0ed,sandergielisse_enderstone__3de930e0ed__src_org_enderstone_server_entity_EnderPlayer.java,git,clean,,FP,clean,,FP,unchanged
pos,sandergielisse_enderstone__b515bac1b0,sandergielisse_enderstone__b515bac1b0__src_org_enderstone_server_packet_codec_MinecraftServerCodex.java,mergiraf,clean,,FP,clean,,FP,unchanged
pos,segmentio_analytics-java__0d4a7b4e69,segmentio_analytics-java__0d4a7b4e69__analytics_src_main_java_com_segment_analytics_internal_AnalyticsClient.java,mergiraf,clean,,FP,clean,,FP,unchanged
pos,segmentio_analytics-java__0d4a7b4e69,segmentio_analytics-java__0d4a7b4e69__analytics_src_test_java_com_segment_analytics_internal_AnalyticsClientTest.java,mergiraf,clean,,FP,clean,,FP,unchanged
pos,skyscreamer_nevado__cdc23cde46,skyscreamer_nevado__cdc23cde46__nevado-jms_src_main_java_org_skyscreamer_nevado_jms_connector_amazonaws_AmazonAwsSQSConnectorFactory.java,mergiraf,clean,,FP,clean,,FP,unchanged
pos,softinstigate_restheart__98dda32101,softinstigate_restheart__98dda32101__graphql_src_main_java_org_restheart_graphql_GraphQLService.java,mergiraf,conflict,semantic,TN,conflict,semantic,TN,unchanged
pos,softinstigate_restheart__b196d4fc15,softinstigate_restheart__b196d4fc15__graphql_src_main_java_org_restheart_graphql_scalars_BsonScalars.java,mergiraf,clean,,FP,clean,,FP,unchanged
pos,softinstigate_restheart__d8673744dc,softinstigate_restheart__d8673744dc__src_main_java_org_restheart_handlers_RequestContext.java,git,clean,,FP,clean,,FP,unchanged
pos,softinstigate_restheart__d8673744dc,softinstigate_restheart__d8673744dc__src_main_java_org_restheart_handlers_RequestDispatcherHandler.java,git,conflict,textual,TN,conflict,textual,TN,unchanged
pos,sps_pushover4j__88cd636fab,sps_pushover4j__88cd636fab__src_main_java_net_pushover_client_PushoverResponseFactory.java,git,conflict,textual,TN,conflict,textual,TN,unchanged
pos,sps_pushover4j__88cd636fab,sps_pushover4j__88cd636fab__src_test_java_net_pushover_client_PushoverResponseFactoryTest.java,git,clean,,FP,clean,,FP,unchanged
pos,square_javapoet__d019b6f624,square_javapoet__d019b6f624__src_main_java_com_squareup_javawriter_JavaWriter.java,mergiraf,clean,,FP,clean,,FP,unchanged
pos,square_javapoet__d019b6f624,square_javapoet__d019b6f624__src_test_java_com_squareup_javawriter_JavaWriterTest.java,git,clean,,FP,clean,,FP,unchanged
pos,sstrickx_yahoofinance-api__216ad70070,sstrickx_yahoofinance-api__216ad70070__src_main_java_stockagent_RuleBasedAgent.java,git,clean,,FP,clean,,FP,unchanged
pos,steveice10_mcprotocollib__5c8a435832,steveice10_mcprotocollib__5c8a435832__src_main_java_com_github_steveice10_mc_protocol_data_message_style_MessageStyle.java,mergiraf,clean,,FP,clean,,FP,unchanged
pos,steveice10_packetlib__295cf3e47a,steveice10_packetlib__295cf3e47a__src_main_java_com_github_steveice10_packetlib_tcp_TcpClientSession.java,mergiraf,conflict,textual,TN,conflict,textual,TN,unchanged
pos,swagger-api_swagger-parser__41ccee4da3,swagger-api_swagger-parser__41ccee4da3__modules_swagger-parser-v3_src_test_java_io_swagger_v3_parser_test_OpenAPIV3ParserTest.java,git,conflict,textual,TN,conflict,textual,TN,unchanged
pos,swagger-api_swagger-parser__59a85a29da,swagger-api_swagger-parser__59a85a29da__modules_swagger-parser-v3_src_test_java_io_swagger_v3_parser_test_OpenAPIV3ParserTest.java,git,conflict,textual,TN,conflict,textual,TN,unchanged
pos,tabulapdf_tabula-java__767699f3aa,tabulapdf_tabula-java__767699f3aa__src_main_java_technology_tabula_detectors_RegexSearch.java,mergiraf,conflict,textual,TN,conflict,textual,TN,unchanged
pos,tabulapdf_tabula-java__767699f3aa,tabulapdf_tabula-java__767699f3aa__src_test_java_technology_tabula_TestRegexSearch.java,mergiraf,clean,,FP,clean,,FP,unchanged
pos,tcurdt_jdeb__77d052996a,tcurdt_jdeb__77d052996a__src_main_java_org_vafer_jdeb_DataBuilder.java,mergiraf,conflict,semantic,TN,clean,,FP,postfix2-fix (5ed92a2+f964354)
pos,tcurdt_jdeb__77d052996a,tcurdt_jdeb__77d052996a__src_test_java_org_vafer_jdeb_DataBuilderTestCase.java,git,clean,,FP,clean,,FP,unchanged
pos,thenewcircle_spring-hibernate-20120924__7ec9c1b4bb,thenewcircle_spring-hibernate-20120924__7ec9c1b4bb__src_main_java_com_marakana_contacts_controllers_ContactController.java,git,conflict,textual,TN,conflict,textual,TN,unchanged
pos,tridentsdk_tridentsdk__004679e5bb,tridentsdk_tridentsdk__004679e5bb__src_main_java_net_tridentsdk_chat_ChatComponent.java,mergiraf,clean,,FP,clean,,FP,unchanged
pos,tumblr_jumblr__31bd6f8335,tumblr_jumblr__31bd6f8335__src_main_java_com_tumblr_jumblr_exceptions_JumblrException.java,mergiraf,clean,,FP,clean,,FP,unchanged
pos,tumblr_jumblr__31bd6f8335,tumblr_jumblr__31bd6f8335__src_main_java_com_tumblr_jumblr_request_RequestBuilder.java,mergiraf,clean,,FP,clean,,FP,unchanged
pos,urbanairship_datacube__b8bef94f4d,urbanairship_datacube__b8bef94f4d__src_main_java_com_urbanairship_datacube_DataCubeIo.java,mergiraf,clean,,FP,clean,,FP,unchanged
pos,urbanairship_datacube__b8bef94f4d,urbanairship_datacube__b8bef94f4d__src_main_java_com_urbanairship_datacube_dbharnesses_HBaseDbHarness.java,mergiraf,clean,,FP,clean,,FP,unchanged
pos,urbanairship_java-library__bbe0297a10,urbanairship_java-library__bbe0297a10__src_test_java_com_urbanairship_api_customevents_model_CustomEventPayloadTest.java,mergiraf,clean,,FP,clean,,FP,unchanged
pos,urbanairship_java-library__bbe0297a10,urbanairship_java-library__bbe0297a10__src_test_java_com_urbanairship_api_customevents_parse_CustomEventPayloadSerializerTest.java,mergiraf,clean,,FP,clean,,FP,unchanged
pos,uwolfer_gerrit-rest-java-client__8e688db702,uwolfer_gerrit-rest-java-client__8e688db702__src_main_java_com_urswolfer_gerrit_client_rest_http_GerritRestClient.java,mergiraf,conflict,textual,TN,conflict,textual,TN,unchanged
pos,vkostyukov_la4j__d216aa8928,vkostyukov_la4j__d216aa8928__src_main_java_org_la4j_vector_AbstractVector.java,mergiraf,clean,,FP,clean,,FP,unchanged
pos,vkostyukov_la4j__d216aa8928,vkostyukov_la4j__d216aa8928__src_test_java_org_la4j_vector_sparse_SparseVectorTest.java,mergiraf,clean,,FP,clean,,FP,unchanged
pos,vojtechhabarta_typescript-generator__51835d3c16,vojtechhabarta_typescript-generator__51835d3c16__typescript-generator-spring_src_test_java_cz_habarta_typescript_generator_spring_SpringTest.java,git,clean,,FP,clean,,FP,unchanged
pos,warmuuh_libsass-maven-plugin__5ca7b3f086,warmuuh_libsass-maven-plugin__5ca7b3f086__src_main_java_wrm_CompilationMojo.java,mergiraf,conflict,textual,TN,conflict,textual,TN,unchanged
pos,winder_universal-g-code-sender__84d687330a,winder_universal-g-code-sender__84d687330a__ugs-core_src_com_willwinder_universalgcodesender_model_GUIBackend.java,git,clean,,FP,clean,,FP,unchanged
pos,winder_universal-g-code-sender__84d687330a,winder_universal-g-code-sender__84d687330a__ugs-core_src_com_willwinder_universalgcodesender_utils_ControllerSettings.java,mergiraf,clean,,FP,clean,,FP,unchanged
pos,winder_universal-g-code-sender__bc742cb4c4,winder_universal-g-code-sender__bc742cb4c4__ugs-core_src_com_willwinder_universalgcodesender_GrblController.java,mergiraf,clean,,FP,clean,,FP,unchanged
pos,winder_universal-g-code-sender__c93fec43ee,winder_universal-g-code-sender__c93fec43ee__ugs-core_src_com_willwinder_universalgcodesender_gcode_util_CommandProcessorLoader.java,mergiraf,clean,,FP,clean,,FP,unchanged
pos,xebia_xebium__2808ba14a8,xebia_xebium__2808ba14a8__src_main_java_com_xebia_incubator_xebium_SeleniumDriverFixture.java,git,clean,,FP,clean,,FP,unchanged
pos,xebia_xebium__a82603c978,xebia_xebium__a82603c978__src_main_java_com_xebia_incubator_xebium_SeleniumDriverFixture.java,git,conflict,textual,TN,conflict,textual,TN,unchanged
ctl,adoptopenjdk_mjprof__44b7a2b3db,adoptopenjdk_mjprof__44b7a2b3db__src_main_java_com_performizeit_mjstack_MJStack.java,mergiraf,clean,,TP,clean,,TP,unchanged
ctl,aerospike_aerospike-client-java__b77316ac92,aerospike_aerospike-client-java__b77316ac92__proxy_src_com_aerospike_client_proxy_grpc_GrpcChannelExecutor.java,mergiraf,clean,,TP,clean,,TP,unchanged
ctl,aerospike_aerospike-client-java__b77316ac92,aerospike_aerospike-client-java__b77316ac92__proxy_src_com_aerospike_client_proxy_grpc_GrpcStreamingCall.java,mergiraf,conflict,semantic,TN,clean,,TP,postfix2-fix (5ed92a2+f964354)
ctl,aerospike_aerospike-client-java__dfa7c50814,aerospike_aerospike-client-java__dfa7c50814__test_src_com_aerospike_test_util_Args.java,mergiraf,clean,,TP,clean,,TP,unchanged
ctl,aleksandr-m_gitflow-maven-plugin__7482fdb5b6,aleksandr-m_gitflow-maven-plugin__7482fdb5b6__src_main_java_com_amashchenko_maven_plugin_gitflow_AbstractGitFlowMojo.java,mergiraf,clean,,TP,clean,,TP,unchanged
ctl,alexcojocaru_elasticsearch-maven-plugin__6c23c6286d,alexcojocaru_elasticsearch-maven-plugin__6c23c6286d__src_main_java_com_github_alexcojocaru_mojo_elasticsearch_v2_StopMojo.java,mergiraf,clean,,TP,clean,,TP,unchanged
ctl,alibaba_canal__10930b9e3d,alibaba_canal__10930b9e3d__parse_src_main_java_com_alibaba_otter_canal_parse_inbound_mysql_dbsync_LogEventConvert.java,mergiraf,clean,,TP,clean,,TP,unchanged
ctl,alibaba_canal__10930b9e3d,alibaba_canal__10930b9e3d__parse_src_main_java_com_alibaba_otter_canal_parse_inbound_mysql_dbsync_SimpleDdlParser.java,git,clean,,TP,clean,,TP,unchanged
ctl,andrewphorn_classicube-client__645941b423,andrewphorn_classicube-client__645941b423__src_main_java_com_mojang_minecraft_gui_FontRenderer.java,mergiraf,clean,,TP,clean,,TP,unchanged
ctl,anjuke_hwi__93f975a6d0,anjuke_hwi__93f975a6d0__src_main_java_org_apache_hadoop_hive_hwi_servlet_RQuery.java,git,clean,,TP,clean,,TP,unchanged
ctl,apache_commons-csv__2e851bc960,apache_commons-csv__2e851bc960__src_test_java_org_apache_commons_csv_CSVParserTest.java,git,clean,,TP,clean,,TP,unchanged
ctl,apache_commons-ognl__c1132d8fb3,apache_commons-ognl__c1132d8fb3__src_main_java_org_apache_commons_ognl_internal_entry_PropertyDescriptorCacheEntryFactory.java,mergiraf,clean,,TP,clean,,TP,unchanged
ctl,apache_maven-enforcer__f4f8c2559e,apache_maven-enforcer__f4f8c2559e__enforcer-rules_src_main_java_org_apache_maven_plugins_enforcer_AbstractBanDependencies.java,git,clean,,TP,clean,,TP,unchanged
ctl,apache_metamodel__f9f2bc07f3,apache_metamodel__f9f2bc07f3__core_src_main_java_org_apache_metamodel_query_parser_QueryPartParser.java,git,clean,,TP,clean,,TP,unchanged
ctl,apache_metamodel__f9f2bc07f3,apache_metamodel__f9f2bc07f3__core_src_test_java_org_apache_metamodel_query_parser_QueryParserTest.java,git,clean,,TP,clean,,TP,unchanged
ctl,apache_roller__d362f5d1ee,apache_roller__d362f5d1ee__app_src_main_java_org_apache_roller_weblogger_business_search_IndexManagerImpl.java,git,clean,,TP,clean,,TP,unchanged
ctl,apache_tomcat-maven-plugin__74e25e53e8,apache_tomcat-maven-plugin__74e25e53e8__tomcat7-war-runner_src_main_java_org_apache_tomcat_maven_runner_Tomcat7Runner.java,mergiraf,clean,,TP,clean,,TP,unchanged
ctl,apache_tomcat-maven-plugin__74e25e53e8,apache_tomcat-maven-plugin__74e25e53e8__tomcat7-war-runner_src_main_java_org_apache_tomcat_maven_runner_Tomcat7RunnerCli.java,git,clean,,TP,clean,,TP,unchanged
ctl,bronx_saci-vraptor__cb9355ed08,bronx_saci-vraptor__cb9355ed08__src_main_java_net_diegomaia_vraptor_saci_component_startup_PageHandler.java,mergiraf,clean,,TP,clean,,TP,unchanged
ctl,brunoribeiro_sql-parser__a1ddf59b7c,brunoribeiro_sql-parser__a1ddf59b7c__src_main_java_com_akiban_sql_unparser_NodeToString.java,git,clean,,TP,clean,,TP,unchanged
ctl,bserdar_jcliff__206c63ba6f,bserdar_jcliff__206c63ba6f__src_main_java_com_redhat_jcliff_Main.java,git,clean,,TP,clean,,TP,unchanged
ctl,buddycloud_buddycloud-server-java__e05c0ee54a,buddycloud_buddycloud-server-java__e05c0ee54a__src_main_java_org_buddycloud_channelserver_packetprocessor_iq_namespace_pubsub_set_Publish.java,git,clean,,TP,clean,,TP,unchanged
ctl,chrsan_css-selectors__0f725a05d1,chrsan_css-selectors__0f725a05d1__src_main_java_se_fishtank_css_selectors_dom_internal_PseudoContainsSpecifierChecker.java,git,clean,,TP,clean,,TP,unchanged
ctl,citytechinc_cq-component-maven-plugin__2fb3c23f39,citytechinc_cq-component-maven-plugin__2fb3c23f39__cq-component-maven-plugin_src_main_java_com_citytechinc_cq_component_dialog_impl_SelectionWidget.java,mergiraf,clean,,TP,clean,,TP,unchanged
ctl,citytechinc_cq-component-maven-plugin__2fb3c23f39,citytechinc_cq-component-maven-plugin__2fb3c23f39__cq-component-maven-plugin_src_main_java_com_citytechinc_cq_component_dialog_maker_impl_SelectionWidgetMaker.java,mergiraf,clean,,TP,clean,,TP,unchanged
ctl,citytechinc_cq-component-maven-plugin__79dfb91780,citytechinc_cq-component-maven-plugin__79dfb91780__cq-component-maven-plugin_src_main_java_com_citytechinc_cq_component_dialog_impl_SelectionWidget.java,mergiraf,clean,,TP,clean,,TP,unchanged
ctl,clickntap_vimeo__85bd093b58,clickntap_vimeo__85bd093b58__src_main_java_com_clickntap_vimeo_Vimeo.java,mergiraf,clean,,TP,clean,,TP,unchanged
ctl,clickntap_vimeo__cedaf74fc7,clickntap_vimeo__cedaf74fc7__src_main_java_com_clickntap_vimeo_Vimeo.java,mergiraf,clean,,TP,clean,,TP,unchanged
ctl,clojure_clojure__c862603a33,clojure_clojure__c862603a33__src_jvm_clojure_lang_Compiler.java,mergiraf,clean,,TP,clean,,TP,unchanged
ctl,cloudfoundry_cf-java-client__0d588aa1e7,cloudfoundry_cf-java-client__0d588aa1e7__cloudfoundry-client-reactor_src_main_java_org_cloudfoundry_reactor_util_Operator.java,mergiraf,conflict,semantic,TN,clean,,TP,postfix2-fix (5ed92a2+f964354)
ctl,cloudfoundry_cf-java-client__f994a25985,cloudfoundry_cf-java-client__f994a25985__cloudfoundry-client-reactor_src_main_java_org_cloudfoundry_reactor_util_Operator.java,mergiraf,conflict,semantic,TN,clean,,TP,postfix2-fix (5ed92a2+f964354)
ctl,cloudfoundry_cf-java-client__f994a25985,cloudfoundry_cf-java-client__f994a25985__cloudfoundry-client-reactor_src_test_java_org_cloudfoundry_reactor_util_ErrorPayloadMappersTest.java,mergiraf,clean,,TP,clean,,TP,unchanged
ctl,cloudslang_score__49b00c4bf9,cloudslang_score__49b00c4bf9__runtime-management_runtime-management-impl_src_main_java_io_cloudslang_runtime_impl_python_PythonExecutor.java,mergiraf,clean,,TP,clean,,TP,unchanged
ctl,coutume_imageonmap__20d2a60d29,coutume_imageonmap__20d2a60d29__src_main_java_fr_moribus_imageonmap_ui_MapItemManager.java,git,clean,,TP,clean,,TP,unchanged
ctl,dankurka_gwtphonegap__e19aa67e33,dankurka_gwtphonegap__e19aa67e33__src_main_java_com_googlecode_gwtphonegap_client_notification_NotificationBrowserImpl.java,git,clean,,TP,clean,,TP,unchanged
ctl,davidmoten_rxjava-slf4j__fbe2fde40f,davidmoten_rxjava-slf4j__fbe2fde40f__src_test_java_com_github_davidmoten_rx_slf4j_LoggingTest.java,git,conflict,textual,TN,conflict,textual,TN,unchanged
ctl,douglasrodrigo_bfmapper__b0056fd6f8,douglasrodrigo_bfmapper__b0056fd6f8__src_main_java_br_com_bfmapper_Mapping.java,git,clean,,TP,clean,,TP,unchanged
ctl,dspace_dspace__0a0cf18c36,dspace_dspace__0a0cf18c36__dspace-server-webapp_src_test_java_org_dspace_app_rest_ExternalSourcesRestControllerIT.java,git,clean,,TP,clean,,TP,unchanged
ctl,dspace_dspace__2e3c4f033d,dspace_dspace__2e3c4f033d__dspace-api_src_main_java_org_dspace_curate_CitationPage.java,mergiraf,clean,,TP,clean,,TP,unchanged
ctl,dspace_dspace__eb28c639a0,dspace_dspace__eb28c639a0__dspace-server-webapp_src_main_java_org_dspace_app_rest_repository_DiscoveryRestRepository.java,mergiraf,clean,,TP,clean,,TP,unchanged
ctl,dtrules_dtrules__621afc4ef5,dtrules_dtrules__621afc4ef5__compilerutil_src_main_java_com_dtrules_compiler_decisiontables_DTCompiler.java,git,clean,,TP,clean,,TP,unchanged
ctl,dtrules_dtrules__621afc4ef5,dtrules_dtrules__621afc4ef5__dsl_el_src_main_java_com_dtrules_compiler_el_EL.java,git,clean,,TP,clean,,TP,unchanged
ctl,eirslett_frontend-maven-plugin__3e67ca8791,eirslett_frontend-maven-plugin__3e67ca8791__frontend-plugin-core_src_main_java_com_github_eirslett_maven_plugins_frontend_lib_NodeAndNPMInstaller.java,git,clean,,TP,clean,,TP,unchanged
ctl,ekryd_sortpom__b918df820e,ekryd_sortpom__b918df820e__sorter_src_main_java_sortpom_wrapper_content_ChildElementSorter.java,mergiraf,clean,,TP,clean,,TP,unchanged
ctl,farin_jcloisterzone__4a38e3b926,farin_jcloisterzone__4a38e3b926__src_main_java_com_jcloisterzone_engine_Engine.java,mergiraf,clean,,TP,clean,,TP,unchanged
ctl,fasseg_exp4j__184e5535f9,fasseg_exp4j__184e5535f9__src_main_java_de_congrace_exp4j_Tokenizer.java,mergiraf,clean,,TP,clean,,TP,unchanged
ctl,fasseg_exp4j__184e5535f9,fasseg_exp4j__184e5535f9__src_test_java_de_congrace_exp4j_ExpressionBuilderTest.java,git,clean,,TP,clean,,TP,unchanged
ctl,fasterxml_jackson-core__be2854d5c6,fasterxml_jackson-core__be2854d5c6__src_test_java_com_fasterxml_jackson_core_filter_BasicParserFilteringTest.java,git,clean,,TP,clean,,TP,unchanged
ctl,fernandezpablo85_scribe-java__33d45e1797,fernandezpablo85_scribe-java__33d45e1797__scribejava-core_src_main_java_com_github_scribejava_core_oauth_OAuth10aService.java,mergiraf,clean,,TP,clean,,TP,unchanged
ctl,fiji_trackmate__1792dcc505,fiji_trackmate__1792dcc505__src_main_java_fiji_plugin_trackmate_io_TmXmlReader.java,git,clean,,TP,clean,,TP,unchanged
ctl,fiji_trackmate__97cfa79dd2,fiji_trackmate__97cfa79dd2__src_main_java_fiji_plugin_trackmate_action_CopyOverlayAction.java,git,clean,,TP,clean,,TP,unchanged
ctl,fiji_trackmate__97cfa79dd2,fiji_trackmate__97cfa79dd2__src_main_java_fiji_plugin_trackmate_gui_TrackMateGUIController.java,git,clean,,TP,clean,,TP,unchanged
ctl,fincatto_nfe__6758366981,fincatto_nfe__6758366981__src_main_java_com_fincatto_documentofiscal_nfe400_classes_lote_envio_NFLoteEnvioRetorno.java,mergiraf,clean,,TP,clean,,TP,unchanged
ctl,fincatto_nfe__bd66db2a72,fincatto_nfe__bd66db2a72__src_main_java_com_fincatto_documentofiscal_utils_DFSocketFactory.java,mergiraf,clean,,TP,clean,,TP,unchanged
ctl,findwise_hydra__76fe21c315,findwise_hydra__76fe21c315__admin-service_src_main_java_com_findwise_hydra_admin_rest_ConfigurationController.java,mergiraf,clean,,TP,clean,,TP,unchanged
ctl,flaxsearch_luwak__2805c0447a,flaxsearch_luwak__2805c0447a__luwak_src_main_java_uk_co_flax_luwak_util_SpanExtractor.java,git,conflict,textual,TN,conflict,textual,TN,unchanged
ctl,fluentlenium_fluentlenium__2cd4ecb82f,fluentlenium_fluentlenium__2cd4ecb82f__fluentlenium-core_src_main_java_org_fluentlenium_core_inject_FluentInjector.java,mergiraf,clean,,TP,clean,,TP,unchanged
ctl,fluentlenium_fluentlenium__d88fff0f59,fluentlenium_fluentlenium__d88fff0f59__fluentlenium-core_src_test_java_org_fluentlenium_integration_FluentLeniumWaitTest.java,git,conflict,textual,TN,conflict,textual,TN,unchanged
ctl,flyingsaucerproject_flyingsaucer__5a2a7d36a1,flyingsaucerproject_flyingsaucer__5a2a7d36a1__flying-saucer-core_src_main_java_org_xhtmlrenderer_css_newmatch_Condition.java,git,clean,,TP,clean,,TP,unchanged
ctl,flyingsaucerproject_flyingsaucer__9b83c56a8c,flyingsaucerproject_flyingsaucer__9b83c56a8c__flying-saucer-pdf_src_main_java_org_xhtmlrenderer_pdf_ITextRenderer.java,git,clean,,TP,clean,,TP,unchanged
ctl,flyingsaucerproject_flyingsaucer__b2ef06a76f,flyingsaucerproject_flyingsaucer__b2ef06a76f__flying-saucer-pdf-itext5_src_main_java_org_xhtmlrenderer_pdf_ITextOutputDevice.java,mergiraf,clean,,TP,clean,,TP,unchanged
ctl,forcedotcom_wsc__332e09483d,forcedotcom_wsc__332e09483d__src_main_java_com_sforce_ws_bind_TypeMapper.java,git,clean,,TP,clean,,TP,unchanged
ctl,fusesource_jansi__f4065227fc,fusesource_jansi__f4065227fc__src_main_java_org_fusesource_jansi_WindowsAnsiOutputStream.java,git,conflict,textual,FN,conflict,textual,FN,unchanged
ctl,galenframework_galen__7567dd8d2f,galenframework_galen__7567dd8d2f__galen-core_src_main_java_com_galenframework_speclang2_specs_SpecImageProcessor.java,mergiraf,clean,,TP,clean,,TP,unchanged
ctl,galenframework_galen__7567dd8d2f,galenframework_galen__7567dd8d2f__galen-core_src_test_java_com_galenframework_tests_speclang2_SpecsReaderV2Test.java,git,clean,,TP,clean,,TP,unchanged
ctl,gitools_gitools__8f2043e3c5,gitools_gitools__8f2043e3c5__org.gitools.ui.app_src_main_java_org_gitools_ui_app_fileimport_wizard_text_ListItemTransferHandler.java,git,clean,,TP,clean,,TP,unchanged
ctl,gitools_gitools__9f09acdad0,gitools_gitools__9f09acdad0__org.gitools.ui.app_src_main_java_org_gitools_ui_app_actions_Actions.java,git,clean,,TP,clean,,TP,unchanged
ctl,glenkpeterson_j-sicle__8ad8d6f00e,glenkpeterson_j-sicle__8ad8d6f00e__src_test_java_org_organicdesign_fp_permanent_SequenceTest.java,git,clean,,TP,clean,,TP,unchanged
ctl,google_truth__2bb82cafdf,google_truth__2bb82cafdf__src_main_java_org_junit_contrib_truth_subjects_IterableSubject.java,mergiraf,clean,,TP,clean,,TP,unchanged
ctl,google_truth__6bba06199f,google_truth__6bba06199f__core_src_main_java_com_google_common_truth_Truth.java,mergiraf,clean,,TP,clean,,TP,unchanged
ctl,googlecloudplatform_gcloud-java__1fa53a817a,googlecloudplatform_gcloud-java__1fa53a817a__gcloud-java-storage_src_main_java_com_google_gcloud_storage_StorageImpl.java,mergiraf,clean,,TP,clean,,TP,unchanged
ctl,googlecloudplatform_gcloud-maven-plugin__990444129c,googlecloudplatform_gcloud-maven-plugin__990444129c__src_main_java_com_google_appengine_gcloudapp_AbstractGcloudMojo.java,mergiraf,clean,,TP,clean,,TP,unchanged
ctl,graphity_graphity-client__2a8e8c75e9,graphity_graphity-client__2a8e8c75e9__src_main_java_org_graphity_util_XSLTBuilder.java,mergiraf,conflict,semantic,TN,conflict,textual,TN,"unchanged | borderline-margin (textual<->semantic, cost-identical)"
ctl,greese_dasein-cloud-core__5fe1190801,greese_dasein-cloud-core__5fe1190801__src_main_java_org_dasein_cloud_compute_MachineImageSupport.java,git,clean,,TP,clean,,TP,unchanged
ctl,gwtbootstrap3_gwtbootstrap3__d558959ad2,gwtbootstrap3_gwtbootstrap3__d558959ad2__gwtbootstrap3_src_main_java_org_gwtbootstrap3_client_ui_SimpleCheckBox.java,git,clean,,TP,clean,,TP,unchanged
ctl,gwtbootstrap3_gwtbootstrap3__d558959ad2,gwtbootstrap3_gwtbootstrap3__d558959ad2__gwtbootstrap3_src_main_java_org_gwtbootstrap3_client_ui_SimpleRadioButton.java,git,clean,,TP,clean,,TP,unchanged
ctl,hdrhistogram_hdrhistogram__4faeeb6c17,hdrhistogram_hdrhistogram__4faeeb6c17__src_main_java_org_HdrHistogram_HistogramLogProcessor.java,mergiraf,clean,,TP,clean,,TP,unchanged
ctl,hdrhistogram_hdrhistogram__6debea175f,hdrhistogram_hdrhistogram__6debea175f__src_main_java_org_HdrHistogram_AbstractHistogram.java,git,clean,,TP,clean,,TP,unchanged
ctl,hdrhistogram_hdrhistogram__6debea175f,hdrhistogram_hdrhistogram__6debea175f__src_main_java_org_HdrHistogram_DoubleHistogram.java,git,clean,,TP,clean,,TP,unchanged
ctl,hdrhistogram_hdrhistogram__beadadbe25,hdrhistogram_hdrhistogram__beadadbe25__src_main_java_org_HdrHistogram_AbstractHistogram.java,mergiraf,clean,,TP,clean,,TP,unchanged
ctl,imixs_imixs-workflow__dfb841cc6c,imixs_imixs-workflow__dfb841cc6c__imixs-workflow-index-lucene_src_main_java_org_imixs_workflow_engine_lucene_LuceneIndexService.java,mergiraf,clean,,TP,clean,,TP,unchanged
ctl,jalkanen_speed4j__18370b9544,jalkanen_speed4j__18370b9544__src_main_java_com_ecyrd_speed4j_log_PeriodicalLog.java,mergiraf,clean,,TP,clean,,TP,unchanged
ctl,jasig_java-cas-client__9714053f07,jasig_java-cas-client__9714053f07__cas-client-core_src_main_java_org_jasig_cas_client_util_CommonUtils.java,mergiraf,clean,,TP,clean,,TP,unchanged
ctl,jasig_java-cas-client__9714053f07,jasig_java-cas-client__9714053f07__cas-client-core_src_test_java_org_jasig_cas_client_util_CommonUtilsTests.java,git,clean,,TP,clean,,TP,unchanged
ctl,javaparser_javaparser__091c0fab6e,javaparser_javaparser__091c0fab6e__javaparser-core_src_main_java_com_github_javaparser_PositionUtils.java,mergiraf,clean,,TP,clean,,TP,unchanged
ctl,javaparser_javaparser__8ca0e9b6ea,javaparser_javaparser__8ca0e9b6ea__javaparser-symbol-solver-core_src_main_java_com_github_javaparser_symbolsolver_javaparsermodel_JavaParserFacade.java,mergiraf,clean,,TP,clean,,TP,unchanged
ctl,jboss-remoting_jboss-remoting__1f07248ce4,jboss-remoting_jboss-remoting__1f07248ce4__src_main_java_org_jboss_remoting3_remote_RemoteConnection.java,git,clean,,TP,clean,,TP,unchanged
ctl,jcabi_jcabi-aspects__5780cbf85c,jcabi_jcabi-aspects__5780cbf85c__src_main_java_com_jcabi_aspects_aj_MethodCacher.java,mergiraf,clean,,TP,clean,,TP,unchanged
ctl,jcabi_jcabi-github__512102da91,jcabi_jcabi-github__512102da91__src_main_java_com_jcabi_github_RtReleaseAsset.java,git,clean,,TP,clean,,TP,unchanged
ctl,jdatepicker_jdatepicker__cc3905a9c7,jdatepicker_jdatepicker__cc3905a9c7__src_main_java_org_jdatepicker_impl_JDatePickerImpl.java,mergiraf,clean,,TP,clean,,TP,unchanged
ctl,jdatepicker_jdatepicker__cc74e94ac3,jdatepicker_jdatepicker__cc74e94ac3__src_main_java_org_jdatepicker_ComponentTextDefaults.java,git,clean,,TP,clean,,TP,unchanged
ctl,jdatepicker_jdatepicker__cc74e94ac3,jdatepicker_jdatepicker__cc74e94ac3__src_main_java_org_jdatepicker_JDatePanel.java,mergiraf,clean,,TP,clean,,TP,unchanged
ctl,jdeparser_jdeparser2__1da0e2349a,jdeparser_jdeparser2__1da0e2349a__src_main_java_org_jboss_jdeparser_FormatPreferences.java,git,clean,,TP,clean,,TP,unchanged
ctl,jenkinsci_ant-plugin__7025e65f06,jenkinsci_ant-plugin__7025e65f06__src_main_java_hudson_tasks_Ant.java,mergiraf,clean,,TP,clean,,TP,unchanged
ctl,jenkinsci_ant-plugin__7025e65f06,jenkinsci_ant-plugin__7025e65f06__src_test_java_hudson_tasks_AntTest.java,git,clean,,TP,clean,,TP,unchanged
ctl,jenkinsci_coverity-plugin__7ce14e1f97,jenkinsci_coverity-plugin__7ce14e1f97__src_test_java_jenkins_plugins_coverity_CoverityTool_CovBuildCommandTest.java,git,conflict,textual,TN,conflict,textual,TN,unchanged
ctl,jenkinsci_coverity-plugin__bd192d7108,jenkinsci_coverity-plugin__bd192d7108__src_main_java_jenkins_plugins_coverity_CoverityPublisher.java,git,clean,,TP,clean,,TP,unchanged
ctl,jenkinsci_coverity-plugin__db750a7a69,jenkinsci_coverity-plugin__db750a7a69__src_main_java_jenkins_plugins_coverity_CIMStream.java,mergiraf,clean,,TP,clean,,TP,unchanged
ctl,jenkinsci_coverity-plugin__db750a7a69,jenkinsci_coverity-plugin__db750a7a69__src_main_java_jenkins_plugins_coverity_CoverityPublisher.java,mergiraf,clean,,TP,clean,,TP,unchanged
ctl,jenkinsci_credentials-plugin__ccd45a5263,jenkinsci_credentials-plugin__ccd45a5263__src_main_java_com_cloudbees_plugins_credentials_CredentialsSelectHelper.java,mergiraf,clean,,TP,clean,,TP,unchanged
ctl,jenkinsci_email-ext-plugin__312def504a,jenkinsci_email-ext-plugin__312def504a__src_test_java_hudson_plugins_emailext_ExtendedEmailPublisherDescriptorJCasCTest.java,git,clean,,TP,clean,,TP,unchanged
ctl,jenkinsci_email-ext-plugin__9cc2357cac,jenkinsci_email-ext-plugin__9cc2357cac__src_main_java_hudson_plugins_emailext_EmailThrottler.java,mergiraf,clean,,TP,clean,,TP,unchanged
ctl,jenkinsci_email-ext-plugin__9cc2357cac,jenkinsci_email-ext-plugin__9cc2357cac__src_test_java_hudson_plugins_emailext_ExtendedEmailPublisherTest.java,git,clean,,TP,clean,,TP,unchanged
ctl,jenkinsci_jira-plugin__09485920f4,jenkinsci_jira-plugin__09485920f4__src_main_java_hudson_plugins_jira_JiraSite.java,git,clean,,TP,clean,,TP,unchanged
ctl,jenkinsci_junit-plugin__2f4179baf2,jenkinsci_junit-plugin__2f4179baf2__src_main_java_hudson_tasks_junit_CaseResult.java,git,clean,,TP,clean,,TP,unchanged
ctl,jenkinsci_ldap-plugin__744083390f,jenkinsci_ldap-plugin__744083390f__src_main_java_hudson_security_LDAPSecurityRealm.java,mergiraf,clean,,TP,clean,,TP,unchanged
ctl,jenkinsci_mailer-plugin__67ab48f1a6,jenkinsci_mailer-plugin__67ab48f1a6__src_test_java_hudson_tasks_MailerTest.java,git,clean,,TP,clean,,TP,unchanged
ctl,jenkinsci_maven-hpi-plugin__cfbf819e58,jenkinsci_maven-hpi-plugin__cfbf819e58__src_main_java_org_jenkinsci_maven_plugins_hpi_RunMojo.java,git,conflict,textual,TN,conflict,textual,TN,unchanged
ctl,jenkinsci_ui-samples-plugin__179ee92cdf,jenkinsci_ui-samples-plugin__179ee92cdf__src_main_java_jenkins_plugins_ui_samples_Select.java,git,clean,,TP,clean,,TP,unchanged
ctl,jgralab_jgralab__d631209030,jgralab_jgralab__d631209030__src_de_uni_koblenz_jgralab_greql2_funlib_FunLib.java,mergiraf,clean,,TP,clean,,TP,unchanged
ctl,jgralab_jgralab__d631209030,jgralab_jgralab__d631209030__src_de_uni_koblenz_jgralab_greql2_funlib_schema_HasType.java,mergiraf,clean,,TP,clean,,TP,unchanged
ctl,jmetal_jmetal__4edc74bc22,jmetal_jmetal__4edc74bc22__jmetal-lab_src_main_java_org_uma_jmetal_lab_experiment_studies_PPSN20203DStudy.java,git,clean,,TP,clean,,TP,unchanged
ctl,jmetal_jmetal__d8ececa506,jmetal_jmetal__d8ececa506__jmetal-exec_src_main_java_org_uma_jmetal_runner_multiobjective_WASFGAMeasuresRunner.java,git,clean,,TP,clean,,TP,unchanged
ctl,jparsec_jparsec__a1fac0af65,jparsec_jparsec__a1fac0af65__jparsec_src_main_java_org_codehaus_jparsec_ScannerState.java,git,clean,,TP,clean,,TP,unchanged
ctl,jri_deepamehta__03658cb2e9,jri_deepamehta__03658cb2e9__modules_dm4-geomaps_src_main_java_de_deepamehta_plugins_geomaps_GeomapsPlugin.java,mergiraf,clean,,TP,clean,,TP,unchanged
ctl,jruby_bytelist__989a36efd0,jruby_bytelist__989a36efd0__src_org_jruby_util_ByteList.java,mergiraf,clean,,TP,clean,,TP,unchanged
ctl,jruby_bytelist__989a36efd0,jruby_bytelist__989a36efd0__test_org_jruby_util_ByteListTest.java,mergiraf,clean,,TP,clean,,TP,unchanged
ctl,jsprit_jsprit__7834e66d7c,jsprit_jsprit__7834e66d7c__jsprit-io_src_main_java_com_graphhopper_jsprit_io_algorithm_VehicleRoutingAlgorithms.java,mergiraf,clean,,TP,clean,,TP,unchanged
ctl,jsprit_jsprit__a6726537e9,jsprit_jsprit__a6726537e9__jsprit-core_src_test_java_jsprit_core_problem_vehicle_VehicleImplTest.java,mergiraf,clean,,TP,clean,,TP,unchanged
ctl,julianhyde_linq4j__c0f3b4a744,julianhyde_linq4j__c0f3b4a744__src_main_java_net_hydromatic_linq4j_QueryableFactory.java,git,clean,,TP,clean,,TP,unchanged
ctl,julianhyde_linq4j__c0f3b4a744,julianhyde_linq4j__c0f3b4a744__src_main_java_net_hydromatic_linq4j_QueryableRecorder.java,mergiraf,clean,,TP,clean,,TP,unchanged
ctl,julietkilo_canbabel__ea550c2876,julietkilo_canbabel__ea550c2876__src_main_java_com_github_canbabel_canio_dbc_DbcReader.java,mergiraf,clean,,TP,clean,,TP,unchanged
ctl,kevinbayes_vest__3209c8480f,kevinbayes_vest__3209c8480f__src_main_java_me_bayes_vertx_vest_VestApplication.java,mergiraf,clean,,TP,clean,,TP,unchanged
ctl,khmarbaise_iterator-maven-plugin__99d1681276,khmarbaise_iterator-maven-plugin__99d1681276__src_main_java_com_soebes_maven_plugins_iterator_IteratorMojo.java,git,clean,,TP,clean,,TP,unchanged
ctl,killbilling_recurly-java-library__fafb064903,killbilling_recurly-java-library__fafb064903__src_main_java_com_ning_billing_recurly_model_RecurlyObject.java,git,clean,,TP,clean,,TP,unchanged
ctl,killme2008_aviator__eb6c698603,killme2008_aviator__eb6c698603__src_main_java_com_googlecode_aviator_utils_Env.java,git,clean,,TP,clean,,TP,unchanged
ctl,kohsuke_github-api__432585cb75,kohsuke_github-api__432585cb75__src_main_java_org_kohsuke_github_GitHub.java,git,conflict,textual,FN,conflict,textual,FN,unchanged
ctl,kohsuke_github-api__432585cb75,kohsuke_github-api__432585cb75__src_test_java_org_kohsuke_github_GitHubTest.java,git,clean,,TP,clean,,TP,unchanged
ctl,kohsuke_github-api__5ea8638369,kohsuke_github-api__5ea8638369__src_test_java_org_kohsuke_github_GHRepositoryTest.java,git,clean,,TP,clean,,TP,unchanged
ctl,kohsuke_github-api__f6674a9aef,kohsuke_github-api__f6674a9aef__src_main_java_org_kohsuke_github_GHWorkflowJob.java,git,clean,,TP,clean,,TP,unchanged
ctl,kongchen_swagger-maven-plugin__335021b217,kongchen_swagger-maven-plugin__335021b217__src_main_java_com_github_kongchen_swagger_docgen_mustache_MustacheDocument.java,mergiraf,clean,,TP,clean,,TP,unchanged
ctl,kongchen_swagger-maven-plugin__335021b217,kongchen_swagger-maven-plugin__335021b217__src_main_java_com_github_kongchen_swagger_docgen_mustache_OutputTemplate.java,git,clean,,TP,clean,,TP,unchanged
ctl,kongchen_swagger-maven-plugin__5060afbf1d,kongchen_swagger-maven-plugin__5060afbf1d__src_main_java_com_github_kongchen_swagger_docgen_AbstractDocumentSource.java,git,clean,,TP,clean,,TP,unchanged
ctl,kongchen_swagger-maven-plugin__5060afbf1d,kongchen_swagger-maven-plugin__5060afbf1d__src_test_java_com_github_kongchen_smp_integration_SwaggerMavenPluginTest.java,git,clean,,TP,clean,,TP,unchanged
ctl,koraktor_steam-condenser-java__81c376e088,koraktor_steam-condenser-java__81c376e088__src_main_java_com_github_koraktor_steamcondenser_steam_community_SteamId.java,mergiraf,clean,,TP,clean,,TP,unchanged
ctl,kvladislav_ticketmanager__0ffb612f18,kvladislav_ticketmanager__0ffb612f18__src_main_java_org_JavaArt_TicketManager_controllers_EventsController.java,mergiraf,clean,,TP,clean,,TP,unchanged
ctl,lemire_javaewah__5829fc009b,lemire_javaewah__5829fc009b__src_main_java_com_googlecode_javaewah_IteratorAggregation.java,git,clean,,TP,clean,,TP,unchanged
ctl,linkedin_camus__288c5aae77,linkedin_camus__288c5aae77__camus-etl-kafka_src_test_java_com_linkedin_camus_etl_kafka_CamusJobTestWithMock.java,git,clean,,TP,clean,,TP,unchanged
ctl,linkedin_camus__fd747243ca,linkedin_camus__fd747243ca__camus-etl-kafka_src_main_java_com_linkedin_camus_etl_kafka_mapred_EtlInputFormat.java,git,clean,,TP,clean,,TP,unchanged
ctl,lwhite1_tablesaw__86cd643c39,lwhite1_tablesaw__86cd643c39__src_main_java_com_github_lwhite1_tablesaw_io_csv_CsvReader.java,git,clean,,TP,clean,,TP,unchanged
ctl,lyncode_xoai__dc7a68da97,lyncode_xoai__dc7a68da97__xoai-service-provider_src_main_java_org_dspace_xoai_serviceprovider_client_HttpOAIClient.java,mergiraf,clean,,TP,clean,,TP,unchanged
ctl,mambu-gmbh_mambu-apis-java__9975c4d9e5,mambu-gmbh_mambu-apis-java__9975c4d9e5__src_demo_DemoTestLoanService.java,git,clean,,TP,clean,,TP,unchanged
ctl,marginallyclever_makelangelo__bfbac0b14d,marginallyclever_makelangelo__bfbac0b14d__src_main_java_com_marginallyclever_makelangelo_Makelangelo.java,mergiraf,clean,,TP,clean,,TP,unchanged
ctl,marloncarvalho_aliendroid-activerecord__f03a2f645f,marloncarvalho_aliendroid-activerecord__f03a2f645f__src_main_java_org_alienlabs_aliendroid_activerecord_Model.java,mergiraf,clean,,TP,clean,,TP,unchanged
ctl,maven-nar_nar-maven-plugin__00d2e833de,maven-nar_nar-maven-plugin__00d2e833de__src_main_java_com_github_maven_nar_AbstractNarMojo.java,git,clean,,TP,clean,,TP,unchanged
ctl,maven-nar_nar-maven-plugin__bd5a26aed9,maven-nar_nar-maven-plugin__bd5a26aed9__src_main_java_com_github_maven_nar_AbstractNarMojo.java,mergiraf,clean,,TP,clean,,TP,unchanged
ctl,maven-nar_nar-maven-plugin__bd5a26aed9,maven-nar_nar-maven-plugin__bd5a26aed9__src_main_java_com_github_maven_nar_Msvc.java,git,clean,,TP,clean,,TP,unchanged
ctl,maxmind_geoip-api-java__3c90dc1bd7,maxmind_geoip-api-java__3c90dc1bd7__src_main_java_com_maxmind_geoip_LookupService.java,mergiraf,clean,,TP,clean,,TP,unchanged
ctl,mbosecke_pebble__22c0075ed2,mbosecke_pebble__22c0075ed2__src_main_java_com_mitchellbosecke_pebble_template_EvaluationContext.java,git,clean,,TP,clean,,TP,unchanged
ctl,medcl_elasticsearch-analysis-ik__8c50edf0e0,medcl_elasticsearch-analysis-ik__8c50edf0e0__src_main_java_org_wltea_analyzer_help_Sleep.java,mergiraf,clean,,TP,clean,,TP,unchanged
ctl,medcl_elasticsearch-analysis-pinyin__acdd6eff2a,medcl_elasticsearch-analysis-pinyin__acdd6eff2a__src_main_java_org_elasticsearch_index_analysis_PinyinTokenFilter.java,mergiraf,clean,,TP,clean,,TP,unchanged
ctl,medcl_elasticsearch-analysis-pinyin__acdd6eff2a,medcl_elasticsearch-analysis-pinyin__acdd6eff2a__src_main_java_org_elasticsearch_index_analysis_PinyinTokenizer.java,mergiraf,clean,,TP,clean,,TP,unchanged
ctl,mercadopago_sdk-java__540cfa9763,mercadopago_sdk-java__540cfa9763__src_test_java_com_mercadopago_BaseClientIT.java,git,conflict,textual,TN,conflict,textual,TN,unchanged
ctl,mercadopago_sdk-java__540cfa9763,mercadopago_sdk-java__540cfa9763__src_test_java_com_mercadopago_client_cardtoken_CardTokenClientIT.java,git,clean,,TP,clean,,TP,unchanged
ctl,mlaccetti_javapns__21e9ae8885,mlaccetti_javapns__21e9ae8885__src_main_java_javapns_notification_transmission_NotificationThreads.java,git,clean,,TP,clean,,TP,unchanged
ctl,mmazi_rescu__efdd938e7a,mmazi_rescu__efdd938e7a__src_test_java_si_mazi_rescu_RestInvocationHandlerTest.java,mergiraf,clean,,TP,clean,,TP,unchanged
ctl,mongobee_mongobee__abf507930c,mongobee_mongobee__abf507930c__src_main_java_com_github_mongobee_Mongobee.java,mergiraf,clean,,TP,clean,,TP,unchanged
ctl,mongobee_mongobee__abf507930c,mongobee_mongobee__abf507930c__src_main_java_com_github_mongobee_dao_ChangeEntryDao.java,git,conflict,textual,TN,conflict,textual,TN,unchanged
ctl,mongobee_mongobee__ac5bd40a5a,mongobee_mongobee__ac5bd40a5a__src_main_java_com_github_mongobee_Mongobee.java,mergiraf,clean,,TP,clean,,TP,unchanged
ctl,movsim_movsim__393a33e6d0,movsim_movsim__393a33e6d0__core_src_main_java_org_movsim_simulator_vehicles_Vehicle.java,git,clean,,TP,clean,,TP,unchanged
ctl,mrcookieslime_slimefun-3.0__6a34470b47,mrcookieslime_slimefun-3.0__6a34470b47__src_main_java_io_github_thebusybiscuit_slimefun4_api_items_SlimefunItem.java,git,conflict,textual,TN,conflict,textual,TN,unchanged
ctl,mtedone_podam__1075ffea79,mtedone_podam__1075ffea79__src_main_java_uk_co_jemos_podam_api_PodamFactoryImpl.java,mergiraf,conflict,semantic,TN,clean,,TP,postfix2-fix (5ed92a2+f964354)
ctl,mtedone_podam__1075ffea79,mtedone_podam__1075ffea79__src_test_java_uk_co_jemos_podam_test_unit_pdm3_Pdm3PojoUnitTest.java,mergiraf,clean,,TP,clean,,TP,unchanged
ctl,mycila_license-maven-plugin__b28809b593,mycila_license-maven-plugin__b28809b593__license-maven-plugin_src_main_java_com_mycila_maven_plugin_license_header_HeaderParser.java,git,clean,,TP,clean,,TP,unchanged
ctl,mycila_license-maven-plugin__b28809b593,mycila_license-maven-plugin__b28809b593__license-maven-plugin_src_test_java_com_mycila_maven_plugin_license_UpdateMojoTest.java,mergiraf,clean,,TP,clean,,TP,unchanged
ctl,mycila_license-maven-plugin__d3bf529757,mycila_license-maven-plugin__d3bf529757__license-maven-plugin-git_src_main_java_com_mycila_maven_plugin_license_git_GitLookup.java,mergiraf,clean,,TP,clean,,TP,unchanged
ctl,named-data_jndn__320742aa20,named-data_jndn__320742aa20__src_net_named_data_jndn_Data.java,git,clean,,TP,clean,,TP,unchanged
ctl,named-data_jndn__320742aa20,named-data_jndn__320742aa20__src_net_named_data_jndn_Node.java,git,clean,,TP,clean,,TP,unchanged
ctl,nysenate_openlegislation__8645aab4d6,nysenate_openlegislation__8645aab4d6__src_main_java_gov_nysenate_openleg_controller_api_bill_BillGetCtrl.java,mergiraf,clean,,TP,clean,,TP,unchanged
ctl,omnifaces_omnifaces__2e8d3a4ee3,omnifaces_omnifaces__2e8d3a4ee3__src_main_java_org_omnifaces_util_Components.java,git,clean,,TP,clean,,TP,unchanged
ctl,openhft_chronicle-bytes__dc67904a63,openhft_chronicle-bytes__dc67904a63__src_main_java_net_openhft_chronicle_bytes_Bytes.java,mergiraf,clean,,TP,clean,,TP,unchanged
ctl,openhft_chronicle-bytes__dc67904a63,openhft_chronicle-bytes__dc67904a63__src_test_java_net_openhft_chronicle_bytes_BytesJavaDocComplianceTest.java,mergiraf,conflict,textual,TN,conflict,textual,TN,unchanged
ctl,openhft_chronicle-threads__8b940638d7,openhft_chronicle-threads__8b940638d7__src_main_java_net_openhft_chronicle_threads_MonitorEventLoop.java,git,clean,,TP,clean,,TP,unchanged
ctl,openpnp_openpnp__17a7443913,openpnp_openpnp__17a7443913__src_main_java_org_openpnp_gui_importer_EagleBoardImporter.java,git,conflict,textual,TN,conflict,textual,TN,unchanged
ctl,openpnp_openpnp__99835c7c58,openpnp_openpnp__99835c7c58__src_main_java_org_openpnp_gui_JobPanel.java,git,clean,,TP,clean,,TP,unchanged
ctl,openpnp_openpnp__99835c7c58,openpnp_openpnp__99835c7c58__src_main_java_org_openpnp_gui_support_Icons.java,git,clean,,TP,clean,,TP,unchanged
ctl,openpnp_openpnp__e8a35b8e6f,openpnp_openpnp__e8a35b8e6f__src_main_java_org_openpnp_gui_importer_EagleBoardImporter.java,git,clean,,TP,clean,,TP,unchanged
ctl,openskynetwork_java-adsb__14f216cddf,openskynetwork_java-adsb__14f216cddf__src_main_java_org_opensky_libadsb_Decoder.java,git,clean,,TP,clean,,TP,unchanged
ctl,outbrain_ob1k__8b2c257efe,outbrain_ob1k__8b2c257efe__ob1k-example_src_main_java_com_outbrain_ob1k_example_hello_server_HelloServer.java,git,conflict,textual,TN,conflict,textual,TN,unchanged
ctl,pandcorps_pandam__e736609b61,pandcorps_pandam__e736609b61__game-furguardians_src_main_java_org_pandcorps_furguardians_FurGuardiansGame.java,git,clean,,TP,clean,,TP,unchanged
ctl,poetix_protonpack__2ce321af89,poetix_protonpack__2ce321af89__src_main_java_com_codepoetics_protonpack_StreamUtils.java,git,clean,,TP,clean,,TP,unchanged
ctl,progether_jadventure__d4407d1e77,progether_jadventure__d4407d1e77__src_main_java_com_jadventure_game_repository_ItemRepository.java,git,clean,,TP,clean,,TP,unchanged
ctl,progether_jadventure__d62cfd35b9,progether_jadventure__d62cfd35b9__src_main_java_com_jadventure_game_menus_BattleMenu.java,git,clean,,TP,clean,,TP,unchanged
ctl,reckart_shib-http-client__536fe936a3,reckart_shib-http-client__536fe936a3__src_main_java_de_tudarmstadt_ukp_shibhttpclient_ShibHttpClient.java,git,clean,,TP,clean,,TP,unchanged
ctl,reckart_shib-http-client__8f3bd71757,reckart_shib-http-client__8f3bd71757__src_main_java_de_tudarmstadt_ukp_shibhttpclient_ShibHttpClient.java,git,clean,,TP,clean,,TP,unchanged
ctl,recommenders_rival__aa1752831e,recommenders_rival__aa1752831e__rival-examples_src_main_java_net_recommenders_rival_examples_movielens100k_CrossValidatedMahoutKNNRecommenderEvaluator.java,mergiraf,clean,,TP,clean,,TP,unchanged
ctl,recommenders_rival__aa1752831e,recommenders_rival__aa1752831e__rival-examples_src_main_java_net_recommenders_rival_examples_movielens100k_TemporalSplitMahoutKNNRecommenderEvaluator.java,mergiraf,clean,,TP,clean,,TP,unchanged
ctl,relayrides_pushy__43129f9c9a,relayrides_pushy__43129f9c9a__src_main_java_com_relayrides_pushy_apns_PushManager.java,mergiraf,clean,,TP,clean,,TP,unchanged
ctl,relayrides_pushy__9446136376,relayrides_pushy__9446136376__src_main_java_com_relayrides_pushy_apns_ApnsClientThread.java,mergiraf,clean,,TP,clean,,TP,unchanged
ctl,renepickhardt_generalized-language-modeling-toolkit__f8105ddc44,renepickhardt_generalized-language-modeling-toolkit__f8105ddc44__src_de_typology_utils_Config.java,git,clean,,TP,clean,,TP,unchanged
ctl,richardwarburton_lambda-behave__8695b13525,richardwarburton_lambda-behave__8695b13525__lambda-behave_src_main_java_com_insightfullogic_lambdabehave_BehaveRunner.java,git,clean,,TP,clean,,TP,unchanged
ctl,sachin-handiekar_jinstagram__210897a17d,sachin-handiekar_jinstagram__210897a17d__src_main_java_org_jinstagram_realtime_Constants.java,mergiraf,clean,,TP,clean,,TP,unchanged
ctl,sachin-handiekar_jinstagram__210897a17d,sachin-handiekar_jinstagram__210897a17d__src_main_java_org_jinstagram_realtime_InstagramSubscription.java,mergiraf,clean,,TP,clean,,TP,unchanged
ctl,sander2798_enderstone__4cf9ea9f17,sander2798_enderstone__4cf9ea9f17__src_org_enderstone_server_Main.java,mergiraf,clean,,TP,clean,,TP,unchanged
ctl,sander2798_enderstone__4cf9ea9f17,sander2798_enderstone__4cf9ea9f17__src_org_enderstone_server_packet_NetworkManager.java,git,clean,,TP,clean,,TP,unchanged
ctl,sander2798_enderstone__ba66c3e8b2,sander2798_enderstone__ba66c3e8b2__src_org_enderstone_server_Location.java,mergiraf,clean,,TP,clean,,TP,unchanged
ctl,sander2798_enderstone__bd46a612d1,sander2798_enderstone__bd46a612d1__src_org_enderstone_server_Main.java,mergiraf,clean,,TP,clean,,TP,unchanged
ctl,sandergielisse_enderstone__272bbb1c0f,sandergielisse_enderstone__272bbb1c0f__src_org_enderstone_server_inventory_CraftingInventory.java,git,clean,,TP,clean,,TP,unchanged
ctl,sandergielisse_enderstone__272bbb1c0f,sandergielisse_enderstone__272bbb1c0f__src_org_enderstone_server_inventory_PlayerInventory.java,git,clean,,TP,clean,,TP,unchanged
ctl,sandergielisse_enderstone__8e17a2983e,sandergielisse_enderstone__8e17a2983e__src_org_enderstone_server_packet_NetworkManager.java,git,clean,,TP,clean,,TP,unchanged
ctl,sandergielisse_enderstone__bae18e3ef8,sandergielisse_enderstone__bae18e3ef8__src_org_enderstone_server_entity_EnderEntity.java,git,clean,,TP,clean,,TP,unchanged
ctl,sandergielisse_enderstone__bae18e3ef8,sandergielisse_enderstone__bae18e3ef8__src_org_enderstone_server_entity_EntityMob.java,mergiraf,clean,,TP,clean,,TP,unchanged
ctl,sd4324530_fastweixin__53b5138ff7,sd4324530_fastweixin__53b5138ff7__src_main_java_com_github_sd4324530_fastweixin_servlet_WeixinSupport.java,git,clean,,TP,clean,,TP,unchanged
ctl,sebfz1_wicket-jquery-ui__0f6ed11d6f,sebfz1_wicket-jquery-ui__0f6ed11d6f__wicket-kendo-ui_src_main_java_com_googlecode_wicket_kendo_ui_widget_treeview_AjaxTreeView.java,mergiraf,clean,,TP,clean,,TP,unchanged
ctl,semanticvectors_semanticvectors__4dbe868ff9,semanticvectors_semanticvectors__4dbe868ff9__src_main_java_pitt_search_semanticvectors_LuceneUtils.java,git,clean,,TP,clean,,TP,unchanged
ctl,socialsensor_graphdb-benchmarks__87e995db56,socialsensor_graphdb-benchmarks__87e995db56__src_main_java_eu_socialsensor_graphdatabases_Neo4jGraphDatabase.java,git,clean,,TP,clean,,TP,unchanged
ctl,socialsensor_graphdb-benchmarks__87e995db56,socialsensor_graphdb-benchmarks__87e995db56__src_main_java_eu_socialsensor_graphdatabases_TitanGraphDatabase.java,git,clean,,TP,clean,,TP,unchanged
ctl,square_javapoet__c0f4a89bc0,square_javapoet__c0f4a89bc0__src_main_java_com_squareup_javawriter_JavaWriter.java,mergiraf,clean,,TP,clean,,TP,unchanged
ctl,square_javapoet__c0f4a89bc0,square_javapoet__c0f4a89bc0__src_test_java_com_squareup_javawriter_JavaWriterTest.java,git,clean,,TP,clean,,TP,unchanged
ctl,srt_asterisk-java__99ba7cc5bd,srt_asterisk-java__99ba7cc5bd__src_main_java_org_asteriskjava_live_internal_AsteriskServerImpl.java,mergiraf,clean,,TP,clean,,TP,unchanged
ctl,steveice10_mcprotocollib__ba0c6af56c,steveice10_mcprotocollib__ba0c6af56c__src_main_java_com_github_steveice10_mc_protocol_MinecraftConstants.java,mergiraf,conflict,textual,TN,conflict,textual,TN,unchanged
ctl,structr_structr__b0df448496,structr_structr__b0df448496__structr-core_src_main_java_org_structr_common_SecurityContext.java,git,clean,,TP,clean,,TP,unchanged
ctl,swagger-api_swagger-parser__2316e42a34,swagger-api_swagger-parser__2316e42a34__modules_swagger-parser_src_test_java_io_swagger_parser_OpenAPIParserTest.java,git,clean,,TP,clean,,TP,unchanged
ctl,synbiodex_libsbolj__0ceaff01a9,synbiodex_libsbolj__0ceaff01a9__core2_src_main_java_org_sbolstandard_core2_SBOLDocument.java,git,clean,,TP,clean,,TP,unchanged
ctl,syncleus_ferma__dc1fdab4a2,syncleus_ferma__dc1fdab4a2__totorom-tinkerpop2_src_main_java_org_jglue_totorom_FramedGraph.java,git,clean,,TP,clean,,TP,unchanged
ctl,t-oster_liblasercut__f64046a00a,t-oster_liblasercut__f64046a00a__src_main_java_de_thomas_oster_liblasercut_drivers_GenericGcodeDriver.java,mergiraf,clean,,TP,clean,,TP,unchanged
ctl,tabulapdf_tabula-java__c603b0f4aa,tabulapdf_tabula-java__c603b0f4aa__src_main_java_technology_tabula_ObjectExtractorStreamEngine.java,git,clean,,TP,clean,,TP,unchanged
ctl,techblue_alfresco-restclient__8e71d5b8d7,techblue_alfresco-restclient__8e71d5b8d7__src_test_java_uk_co_techblue_alfresco_client_test_AlfrescoServiceTest.java,git,clean,,TP,clean,,TP,unchanged
ctl,teknux-org_jetty-bootstrap__993299fa8b,teknux-org_jetty-bootstrap__993299fa8b__src_main_java_org_genux_jettybootstrap_JettyBootstrap.java,mergiraf,clean,,TP,clean,,TP,unchanged
ctl,teknux-org_jetty-bootstrap__993299fa8b,teknux-org_jetty-bootstrap__993299fa8b__src_main_java_org_genux_jettybootstrap_configuration_JettyConfiguration.java,git,clean,,TP,clean,,TP,unchanged
ctl,threeten_threeten-extra__419518c223,threeten_threeten-extra__419518c223__src_main_java_org_threeten_extra_chrono_Symmetry010Date.java,git,clean,,TP,clean,,TP,unchanged
ctl,threeten_threeten-extra__419518c223,threeten_threeten-extra__419518c223__src_test_java_org_threeten_extra_chrono_TestSymmetry010Chronology.java,git,clean,,TP,clean,,TP,unchanged
ctl,threeten_threeten-extra__f0bf686f17,threeten_threeten-extra__f0bf686f17__src_main_java_org_threeten_extra_scale_UtcInstant.java,git,clean,,TP,clean,,TP,unchanged
ctl,titokone_titokone__b4ac484b6a,titokone_titokone__b4ac484b6a__src_main_java_fi_helsinki_cs_titokone_Compiler.java,git,clean,,TP,clean,,TP,unchanged
ctl,tkelley-eg_collectd-fast-jmx__558343d132,tkelley-eg_collectd-fast-jmx__558343d132__src_main_java_org_collectd_AttributePermutation.java,git,clean,,TP,clean,,TP,unchanged
ctl,tupilabs_tap4j__99628e2c44,tupilabs_tap4j__99628e2c44__tap4j-ext_src_main_java_org_tap4j_ext_junit_listener_TapListener.java,mergiraf,clean,,TP,clean,,TP,unchanged
ctl,uklimaschewski_evalex__15aa26eab7,uklimaschewski_evalex__15aa26eab7__src_com_udojava_evalex_Expression.java,mergiraf,clean,,TP,clean,,TP,unchanged
ctl,unitsofmeasurement_uom-se__c2ae9d4caa,unitsofmeasurement_uom-se__c2ae9d4caa__src_main_java_tec_uom_se_AbstractUnit.java,mergiraf,clean,,TP,clean,,TP,unchanged
ctl,unitsofmeasurement_uom-se__c2ae9d4caa,unitsofmeasurement_uom-se__c2ae9d4caa__src_main_java_tec_uom_se_format_SimpleUnitFormat.java,mergiraf,clean,,TP,clean,,TP,unchanged
ctl,uwolfer_gerrit-rest-java-client__35856ab8bd,uwolfer_gerrit-rest-java-client__35856ab8bd__src_test_java_com_urswolfer_gerrit_client_rest_http_GerritRestClientTest.java,mergiraf,clean,,TP,clean,,TP,unchanged
ctl,verhas_djcproxy__db3b9bf795,verhas_djcproxy__db3b9bf795__src_main_java_com_javax0_djcproxy_ProxySourceFactory.java,mergiraf,clean,,TP,clean,,TP,unchanged
ctl,vojtechhabarta_typescript-generator__05aea6d7c1,vojtechhabarta_typescript-generator__05aea6d7c1__typescript-generator-core_src_main_java_cz_habarta_typescript_generator_ext_BeanPropertyPathExtension.java,git,clean,,TP,clean,,TP,unchanged
ctl,wokier_teh__4291bbd98f,wokier_teh__4291bbd98f__src_test_java_teh_perf_PerfTest.java,git,clean,,TP,clean,,TP,unchanged
ctl,wvengen_proguard-maven-plugin__1cc9601e1f,wvengen_proguard-maven-plugin__1cc9601e1f__src_main_java_com_github_wvengen_maven_proguard_ProGuardMojo.java,git,clean,,TP,clean,,TP,unchanged
ctl,xebia_xebium__817270a3db,xebia_xebium__817270a3db__src_main_java_com_xebia_incubator_xebium_SeleniumDriverFixture.java,mergiraf,clean,,TP,clean,,TP,unchanged
ctl,yubico_ykneo-openpgp__2766bd7444,yubico_ykneo-openpgp__2766bd7444__applet_src_openpgpcard_OpenPGPApplet.java,git,clean,,TP,clean,,TP,unchanged
ctl,yubico_ykneo-openpgp__2766bd7444,yubico_ykneo-openpgp__2766bd7444__test_test_openpgpcardTest_OpenPGPAppletTest.java,mergiraf,clean,,TP,clean,,TP,unchanged
ctl,yubico_ykneo-openpgp__b145a6bdbc,yubico_ykneo-openpgp__b145a6bdbc__applet_src_openpgpcard_OpenPGPApplet.java,git,conflict,textual,FN,conflict,textual,FN,unchanged
ctl,yubico_ykneo-openpgp__b145a6bdbc,yubico_ykneo-openpgp__b145a6bdbc__applet_src_openpgpcard_PGPKey.java,git,clean,,TP,clean,,TP,unchanged
