merge_id,n_files,n_diverged,baseline_status,baseline_reason,experimental_status,experimental_reason,experimental_flag_lanes
ahome-it_lienzo-core__bf4b253816,1,0,BLOCKED,flag,BLOCKED,flag,JoernUnresolvedReference;RM2RenameConflict
alesaudate_kickstart-springjerseyhibernate__feb36bfc8e,1,1,ALL_DIVERGED,,ALL_DIVERGED,,
apache_commons-lang__53184369d0,1,0,PASSED,,PASSED,,
apache_olingo-odata4__820b462f49,1,0,PASSED,,PASSED,,
apache_olingo-odata4__cf731c2cb8,2,0,PASSED,,PASSED,,
apache_shiro__13806fc623,1,0,PASSED,,PASSED,,
atam4j_atam4j__71fcecb071,2,0,BLOCKED,flag,BLOCKED,flag,ImportPruneUsage;RM2RenameConflict
azuread_azure-activedirectory-library-for-java__d3f143872b,1,0,PASSED,,PASSED,,
bedatadriven_jackson-datatype-jts__1416f1af06,1,1,ALL_DIVERGED,,ALL_DIVERGED,,
bguerout_jongo__3aaaf0e4c7,1,0,PASSED,,PASSED,,
blockchain_api-v1-client-java__abdf54e6ab,1,0,PASSED,,PASSED,,
blockchain_api-v1-client-java__e349598f95,1,0,PASSED,,PASSED,,
buddycloud_buddycloud-server-java__33ec3ec7cd,2,0,PASSED,,PASSED,,
buddycloud_buddycloud-server-java__43c8b054e9,2,0,PASSED,,PASSED,,
buddycloud_buddycloud-server-java__48e4675ee2,2,0,PASSED,,PASSED,,
buschmais_extended-objects__46ec306cf6,1,0,PASSED,,PASSED,,
camsys_onebusaway-application-modules__915e2f3ffe,1,0,PASSED,,PASSED,,
camsys_onebusaway-application-modules__e779e9fce1,1,0,PASSED,,PASSED,,
clojure_clojure__77342d2e35,1,0,PASSED,,PASSED,,
cloudfoundry_cf-java-client__80d0a0dff9,1,0,PASSED,,PASSED,,
cloudfoundry_cf-java-client__933add90ad,1,0,PASSED,,PASSED,,
cloudfoundry_cf-java-client__9f6b79e294,1,0,PASSED,,PASSED,,
cloudfoundry_cf-java-client__a69078adc8,2,0,PASSED,,PASSED,,
cloudfoundry_cf-java-client__a9d35d542d,2,0,PASSED,,PASSED,,
cloudfoundry_cf-java-client__b0add1ef2a,1,0,PASSED,,PASSED,,
cloudfoundry_cf-java-client__be097d5860,2,0,PASSED,,PASSED,,
cloudfoundry_cf-java-client__eb3b2f5beb,1,0,PASSED,,PASSED,,
cloudslang_score__66ba4f51e3,1,1,ALL_DIVERGED,,ALL_DIVERGED,,
comatoes_ftl-profile-editor__e87fe65818,1,0,BLOCKED,flag,BLOCKED,flag,JoernUnresolvedReference;RM2RenameConflict
cribbstechnologies_java-mandrill-wrapper__0cf79745f1,2,2,ALL_DIVERGED,,ALL_DIVERGED,,
cternes_openkeepass__bb53512ab2,2,0,PASSED,,BLOCKED,flag,ImportPruneUsage
dabsquared_gitlab-plugin__d555b8773d,1,0,PASSED,,BLOCKED,flag,JoernUnresolvedReference
datastax_java-driver__0dd96ea21f,1,1,ALL_DIVERGED,,ALL_DIVERGED,,
datastax_java-driver__1f25c7e3a0,2,1,PASSED,,PASSED,,
datastax_java-driver__3eb34e6785,1,1,ALL_DIVERGED,,ALL_DIVERGED,,
datastax_java-driver__725b790a79,1,1,ALL_DIVERGED,,ALL_DIVERGED,,
datastax_java-driver__7ff4958746,2,0,PASSED,,PASSED,,
datastax_java-driver__e1535e89ad,1,0,BLOCKED,flag,BLOCKED,flag,JoernUnresolvedReference
deemopen_zkui__2843e7c28f,2,0,PASSED,,PASSED,,
digidotcom_xbeejavalibrary__6279f85f74,1,1,ALL_DIVERGED,,ALL_DIVERGED,,
dius_java-faker__4c61966b1c,1,0,PASSED,,PASSED,,
dtrules_dtrules__505c5cbf82,1,0,PASSED,,BLOCKED,flag,ImportPruneUsage
elisarver_selophane__4ecc600017,2,0,PASSED,,PASSED,,
erudika_para__a9e67cc8b3,1,0,BLOCKED,flag,BLOCKED,flag,JoernUnresolvedReference;RM2RenameConflict
fasterxml_jackson-core__2572819ed9,1,0,PASSED,,PASSED,,
fasterxml_jackson-datatype-joda__4e6c266339,1,0,PASSED,,PASSED,,
feroult_yawp__141f79a8e9,1,0,PASSED,,BLOCKED,flag,ImportPruneUsage
feroult_yawp__1723236a65,1,0,PASSED,,BLOCKED,flag,ImportPruneUsage
frankbille_scoreboard__890ecd0bdb,1,0,PASSED,,PASSED,,
garbagemule_mobarena__b34dc0d5ac,1,0,PASSED,,PASSED,,
google_compile-testing__608e1cb92a,1,0,PASSED,,PASSED,,
google_truth__2e4a23bebb,2,0,PASSED,,BLOCKED,flag,ImportPruneUsage
google_truth__9289ed34ae,2,0,PASSED,,PASSED,,
greese_dasein-cloud-core__6c37152e5f,1,0,PASSED,,PASSED,,
guhilling_cdi-test__f3f8094c67,1,0,PASSED,,PASSED,,
gwtbootstrap3_gwtbootstrap3__5c0d1eab79,1,0,PASSED,,BLOCKED,flag,JoernUnresolvedReference
haraldwalker_user-agent-utils__eaaaa1488b,2,0,PASSED,,PASSED,,
ignorance77_transformiceapi__9a65b8374f,1,0,PASSED,,PASSED,,
imixs_imixs-workflow__23b86de5b4,2,0,PASSED,,PASSED,,
iryndin_jdbf__9853124d73,1,0,PASSED,,PASSED,,
j256_ormlite-core__2c159335d4,1,0,PASSED,,PASSED,,
j256_ormlite-core__606986f118,1,0,PASSED,,PASSED,,
jacquesberger_jsonparsingexample__ac521954c2,1,0,BLOCKED,flag,BLOCKED,flag,JoernUnresolvedReference
jadler-mocking_jadler__294a06c3fc,1,0,PASSED,,PASSED,,
javamoney_jsr354-api__6d2356a153,1,0,PASSED,,BLOCKED,flag,ImportPruneUsage
javaparser_javaparser__41a398414f,2,0,PASSED,,PASSED,,
javaparser_javaparser__91ebf36c06,2,0,PASSED,,PASSED,,
javaparser_javaparser__a23c6aa3b8,1,0,PASSED,,PASSED,,
javaparser_javaparser__dc6254f1bf,1,0,PASSED,,BLOCKED,flag,JoernUnresolvedReference
javaparser_javaparser__ff91564b7f,1,0,PASSED,,PASSED,,
jboss-msc_jboss-msc__1d9b8d45ff,1,0,PASSED,,PASSED,,
jboss-msc_jboss-msc__a4e21a3b10,1,0,PASSED,,PASSED,,
jboss-remoting_jboss-remoting__66a0631d13,1,0,PASSED,,PASSED,,
jcabi_jcabi-github__27cc460e3c,2,0,BLOCKED,flag,BLOCKED,flag,RM2RenameConflict
jcabi_jcabi-github__b13d2596ba,2,0,PASSED,,BLOCKED,flag,JoernUnresolvedReference
jcabi_jcabi-github__e18a8ffd16,1,0,BLOCKED,flag,BLOCKED,flag,RM2RenameConflict
jcabi_jcabi-http__0c63dd0c75,1,1,ALL_DIVERGED,,ALL_DIVERGED,,
jdupl_lancoder__407742ea19,2,0,BLOCKED,flag,BLOCKED,flag,JoernUnresolvedReference
jenkinsci_coverity-plugin__2fb8690816,1,0,PASSED,,PASSED,,
jenkinsci_coverity-plugin__62bdb6232e,2,0,PASSED,,PASSED,,
jenkinsci_credentials-plugin__b9cb5f9d1b,1,0,PASSED,,BLOCKED,flag,ImportPruneUsage
jenkinsci_docker-build-publish-plugin__59faa9673c,1,0,PASSED,,PASSED,,
jenkinsci_email-ext-plugin__4def0e56a8,1,0,PASSED,,PASSED,,
jenkinsci_jira-plugin__0eec353cb5,1,0,PASSED,,PASSED,,
jenkinsci_jira-plugin__6ad78581c9,2,0,PASSED,,PASSED,,
jenkinsci_ldap-plugin__3eee59e25a,1,0,PASSED,,PASSED,,
jenkinsci_ui-samples-plugin__81bf937a3d,1,0,PASSED,,BLOCKED,flag,ImportPruneUsage
jline_jline2__348cb9dada,2,0,PASSED,,PASSED,,
jline_jline2__5869eaa93a,1,1,ALL_DIVERGED,,ALL_DIVERGED,,
jmetal_jmetal__162d1a63b7,2,0,PASSED,,PASSED,,
jmetal_jmetal__7d9295f890,1,0,PASSED,,PASSED,,
jmetal_jmetal__b4630972a8,1,0,PASSED,,PASSED,,
jnr_jnr-unixsocket__467698b6bd,2,0,PASSED,,BLOCKED,flag,ImportPruneUsage
jnr_jnr-unixsocket__f8f34e5634,1,0,PASSED,,BLOCKED,flag,ImportPruneUsage
joel-costigliola_assertj-core__1b4ad829f3,1,0,PASSED,,PASSED,,
joel-costigliola_assertj-core__74baae279d,2,1,PASSED,,PASSED,,
jparsec_jparsec__ef02642abd,1,0,PASSED,,PASSED,,
jsprit_jsprit__5cf6758085,1,0,PASSED,,PASSED,,
jwtk_jjwt__ff932e9838,1,0,PASSED,,PASSED,,
k3po_k3po__084cc0b426,1,0,PASSED,,PASSED,,
kaazing_k3po__084cc0b426,1,0,PASSED,,PASSED,,
kaazing_robot__084cc0b426,1,0,PASSED,,PASSED,,
kohsuke_github-api__4e56b8bb78,2,0,PASSED,,PASSED,,
kongchen_swagger-maven-plugin__1e61731653,1,0,PASSED,,PASSED,,
kongchen_swagger-maven-plugin__3d2ea22d07,1,0,PASSED,,PASSED,,
learning-layers_socialsemanticserver__4ada3cddc3,2,1,PASSED,,PASSED,,
lwhite1_tablesaw__13178c81a1,1,0,PASSED,,PASSED,,
mashape_unirest-java__121f85b819,1,0,PASSED,,PASSED,,
mashape_unirest-java__b43fb95f4a,1,0,PASSED,,PASSED,,
mbosecke_pebble__617aab328f,2,0,PASSED,,PASSED,,
mercadopago_sdk-java__b7498c6f9d,1,0,PASSED,,PASSED,,
mikera_vectorz__d93ef1b341,1,0,PASSED,,BLOCKED,flag,ImportPruneUsage
mitre_http-proxy-servlet__b7a68118f2,1,0,PASSED,,PASSED,,
mixpanel_mixpanel-java__bcdd1ed28f,1,0,PASSED,,PASSED,,
monitorjbl_excel-streaming-reader__8698befdf4,2,1,PASSED,,PASSED,,
movsim_movsim__00d5222b61,1,1,ALL_DIVERGED,,ALL_DIVERGED,,
movsim_movsim__6dae25caf7,2,0,PASSED,,BLOCKED,flag,ImportPruneUsage
msopentech_azure-activedirectory-library-for-java__d3f143872b,1,0,PASSED,,PASSED,,
named-data_jndn__3d47402192,1,0,PASSED,,PASSED,,
named-data_jndn__e0db451bf1,1,0,PASSED,,PASSED,,
ninjaframework_ninja__31737c1a10,2,0,PASSED,,PASSED,,
ninjaframework_ninja__45bb542cb4,2,0,PASSED,,PASSED,,
ninjaframework_ninja__663883c228,2,0,PASSED,,PASSED,,
ninjaframework_ninja__94b2365be3,2,0,PASSED,,BLOCKED,flag,ImportPruneUsage
northlander_a__c3f2865b88,1,0,PASSED,,PASSED,,
nuodb_migration-tools__2e1f6973c4,1,0,PASSED,,PASSED,,
nurkiewicz_java8-workshop__f5918aa79c,1,0,PASSED,,PASSED,,
nysenate_openlegislation__9c7cf034c1,1,0,PASSED,,PASSED,,
okleine_ncoap__99de16a6d2,1,0,PASSED,,PASSED,,
onebusaway_onebusaway-application-modules__915e2f3ffe,1,0,PASSED,,PASSED,,
onebusaway_onebusaway-application-modules__e779e9fce1,1,0,PASSED,,PASSED,,
openhft_chronicle-bytes__5bad7e86ea,1,0,PASSED,,PASSED,,
openhft_chronicle-bytes__a9e7269a84,1,1,ALL_DIVERGED,,ALL_DIVERGED,,
openhft_chronicle-bytes__e3ac571d25,1,0,PASSED,,PASSED,,
openhft_chronicle-network__fb39c8ca3b,1,1,ALL_DIVERGED,,ALL_DIVERGED,,
openpnp_openpnp__93126880a6,1,0,PASSED,,PASSED,,
openpnp_openpnp__a3cca4daba,2,1,PASSED,,PASSED,,
openpnp_openpnp__fb30708fe0,1,0,PASSED,,PASSED,,
prism_prism-bukkit__15140fadb2,1,0,PASSED,,PASSED,,
prism_prism-bukkit__6dfb9ef0cf,1,0,PASSED,,PASSED,,
prism_prism-bukkit__74927cacad,2,1,PASSED,,PASSED,,
progether_jadventure__9ce4a7106c,2,0,PASSED,,PASSED,,
progether_jadventure__e28401af85,1,0,BLOCKED,fail_closed,BLOCKED,flag,ImportPruneUsage
projectblueshift_blueshiftapi__004679e5bb,1,0,PASSED,,PASSED,,
recruit-tech_redpen__58d3096f6c,1,0,PASSED,,PASSED,,
relayrides_pushy__6badde9538,1,0,PASSED,,PASSED,,
sailthru_sailthru-java-client__ee1f917600,1,0,PASSED,,PASSED,,
samskivert_jmustache__940af397c4,1,0,PASSED,,PASSED,,
sander2798_enderstone__3de930e0ed,1,0,PASSED,,PASSED,,
sander2798_enderstone__b515bac1b0,1,0,PASSED,,BLOCKED,flag,ImportPruneUsage
sandergielisse_enderstone__3de930e0ed,1,0,PASSED,,PASSED,,
sandergielisse_enderstone__b515bac1b0,1,0,PASSED,,BLOCKED,flag,ImportPruneUsage
segmentio_analytics-java__0d4a7b4e69,2,0,PASSED,,BLOCKED,flag,ImportPruneUsage
skyscreamer_nevado__cdc23cde46,1,0,PASSED,,PASSED,,
softinstigate_restheart__98dda32101,1,0,BLOCKED,flag,BLOCKED,flag,JoernUnresolvedReference;RM2RenameConflict
softinstigate_restheart__b196d4fc15,1,0,PASSED,,PASSED,,
softinstigate_restheart__d8673744dc,2,0,PASSED,,PASSED,,
sps_pushover4j__88cd636fab,2,1,PASSED,,PASSED,,
square_javapoet__d019b6f624,2,0,PASSED,,BLOCKED,flag,ImportPruneUsage
sstrickx_yahoofinance-api__216ad70070,1,0,PASSED,,PASSED,,
steveice10_mcprotocollib__5c8a435832,1,0,PASSED,,PASSED,,
steveice10_packetlib__295cf3e47a,1,1,ALL_DIVERGED,,ALL_DIVERGED,,
swagger-api_swagger-parser__41ccee4da3,1,0,PASSED,,PASSED,,
swagger-api_swagger-parser__59a85a29da,1,0,PASSED,,PASSED,,
tabulapdf_tabula-java__767699f3aa,2,1,PASSED,,PASSED,,
tcurdt_jdeb__77d052996a,2,0,PASSED,,PASSED,,
thenewcircle_spring-hibernate-20120924__7ec9c1b4bb,1,0,PASSED,,BLOCKED,flag,ImportPruneUsage
tridentsdk_tridentsdk__004679e5bb,1,0,PASSED,,PASSED,,
tumblr_jumblr__31bd6f8335,2,0,PASSED,,BLOCKED,flag,ImportPruneUsage
urbanairship_datacube__b8bef94f4d,2,0,PASSED,,PASSED,,
urbanairship_java-library__bbe0297a10,2,0,PASSED,,PASSED,,
uwolfer_gerrit-rest-java-client__8e688db702,1,1,ALL_DIVERGED,,ALL_DIVERGED,,
vkostyukov_la4j__d216aa8928,2,0,PASSED,,PASSED,,
vojtechhabarta_typescript-generator__51835d3c16,1,0,PASSED,,BLOCKED,flag,ImportPruneUsage
warmuuh_libsass-maven-plugin__5ca7b3f086,1,1,ALL_DIVERGED,,ALL_DIVERGED,,
winder_universal-g-code-sender__84d687330a,2,0,PASSED,,PASSED,,
winder_universal-g-code-sender__bc742cb4c4,1,0,PASSED,,PASSED,,
winder_universal-g-code-sender__c93fec43ee,1,0,PASSED,,BLOCKED,flag,ImportPruneUsage
xebia_xebium__2808ba14a8,1,0,PASSED,,PASSED,,
xebia_xebium__a82603c978,1,0,PASSED,,PASSED,,
