merge_id,repository,merge_sha,left,right,stratum,num_intersecting_files,files_materialized,order
sonarcommunity_sonar-php__c836428f70,sonarcommunity/sonar-php,c836428f7050f9e9f1c7f5401595694398798f57,9bca30f789da47e4cc007fcf14f443406770311f,4ed86923dcb614de846f9f0c7962acfff6c398fb,le3,3,1,1
galenframework_galen__a1f212b188,galenframework/galen,a1f212b188bb97b3692edf01df89bb56b62e907b,ddbda5269b86ee322fa22caca856fc24fc6e6b68,8bf7914f5baa69adbb1a10c5b19637987b9b6b6f,le3,2,1,2
tynamo_tapestry-security__568cab9871,tynamo/tapestry-security,568cab9871a77bfa6a90c2b463facf1b01df42bc,f5562e2b7a8700bbaf146edac5b015dc88d21aa1,c4ff9efea18c287783bcde4cfcf94b91d3372ac6,le3,2,1,3
matthias247_jawampa__f956e0584a,matthias247/jawampa,f956e0584ab3323680744ef58438b1b09f11846a,cdb22b91593b13b98b53ca21965c6cbfd58a3954,90ac8af923bd105c3defbcdd74aa0e9679f06447,le3,3,2,4
kohsuke_file-leak-detector__768944360b,kohsuke/file-leak-detector,768944360be1d5e82dccfe677341b8ca38057f49,dbf2f24f4c67a4ca26d6c25dce2d3dde74a4f262,a23c562281b1317a68a9743b0120635b8204aca3,gt3,5,3,5
darcy-framework_darcy-ui__5e1d93a56c,darcy-framework/darcy-ui,5e1d93a56c5c0ba82cfa8adcd706b1fc0214493a,3c9c0fdf31a278bbd8c65071ef901aaa731c0bc9,9ee241447d187a0dc5bfd5d05c9c89fdd196205d,le3,2,1,6
apache_avro__7142e67f5b,apache/avro,7142e67f5bb4db32426d94709581f287189fb563,0863f94f64b181abaeedcd58783c6c246e1c0355,f190f1e7d46f557881c3dc600df26d9d78a0233f,le3,3,2,7
rdfhdt_hdt-java__d8d4b2a826,rdfhdt/hdt-java,d8d4b2a826b545a720460952a32d1ad2c92eae19,aa1ff09f537f595edd44ea1a52d37abc274b049b,eac943b6ef4ae65ab6e0711f6d115aafc0939cf6,gt3,4,3,8
maven-nar_nar-maven-plugin__4523c373d0,maven-nar/nar-maven-plugin,4523c373d0ffe2fc348723a3c44b3d03bb6c08fe,f110fd352a7783dcdfb74b3ff03f6b3932ab5ab1,48e81e85b33e989aefcb400992f04d08a118ddd6,le3,2,1,9
lemire_javaewah__600bff483f,lemire/javaewah,600bff483f9da0042699aa4bd9712ce788cc248c,b0952760c0ba180e8f63a8dedf2f16b0e966af03,441dbeb1d706f33eb7ab5c0e7a6112a6145f588c,le3,3,2,10
stealthly_xml-avro__feac27fac8,stealthly/xml-avro,feac27fac88bcbc7a1161e18bc15e63c3a3e4949,ad0d1a9a2158e4482248099acfb658fc31a86af3,12fd7407f9ac7f9d1fbfe6c2dcec035f9811152c,le3,2,1,11
imglib_imglib2__2a8a319647,imglib/imglib2,2a8a319647f63954e642aecfc472849fe9925943,97f502aebb3c648cb2330eb7c1cda7ae7af0f203,dcb5c6403047064a2af7ce40e44b96ce90663a91,le3,2,1,12
kinow_testlink-java-api__ed64cc15ae,kinow/testlink-java-api,ed64cc15aeda02ac0be3f15cc7770e336f14e914,73527200bb08ce511dd1e71575360aa0d2fd9e83,7075a4dfa64998e26cace6bc0de7b9576ff8a293,le3,2,1,13
kohsuke_groovy-sandbox__190dd89723,kohsuke/groovy-sandbox,190dd89723ff482833d785bc8513097d6441f83f,a143ec39aae8985dd51c9cec954620de032a6dd2,67c7335dc15e5d5fdce2fb7db103a1cc77eccce1,le3,3,1,14
fluentlenium_fluentlenium__7549b5524f,fluentlenium/fluentlenium,7549b5524ff7aab90e803cbc77afd4629cc2bfab,5f32cf8f2d5b0eff25843d45be9ed1d1efc22da7,d2267e91ee3d57e8e6cb595cd0c016f5c5cb3da8,le3,2,1,15
kaazing_k3po__c4c1607928,kaazing/k3po,c4c16079287cb534fb1d86ddead2698bfb232649,dc8a9242db7c03fb2e2d6433415bc10ecdcfa206,32f85988dc88c364bff04dc494fdd45fa049611c,le3,2,1,16
jooq_jooq__df390cf919,jooq/jooq,df390cf9197813feb048902e9dedde61fb01931b,f5004522d6823885103365b39788ccc25c603314,8767b8014d1beaee87f4e90ed5ce3f4ce10c8525,le3,2,1,17
mmastrac_nanojson__73d6edc675,mmastrac/nanojson,73d6edc6752e3fe1296b145b5608b854aa69728b,4349800958493e77baacd9af44be62a898a0af97,3f211d814aa3b3c9339697353c7e171ede6b36a2,le3,2,1,18
threerings_getdown__f087863098,threerings/getdown,f087863098a6bc43551643f94cbe1893348773e6,b57524d0d6eaa00a1cd5737d446fa015c8980849,6af6081648724ebb7bc62448e44f2ef44159d810,le3,3,2,19
rometools_rome__0de36f1a02,rometools/rome,0de36f1a02e1eb86a90adb362239474aa26151ae,e3dc44cf971a74e5fd7e3af7b7ba3835ffbeaa30,20e07a97e16fa762d275ba80db8e7f6dd35ac4ac,le3,2,1,20
projectkorra_projectkorra__bed3c613a9,projectkorra/projectkorra,bed3c613a983ceff447bfc9102c3c5e9a8cdb224,563a7c327a51c2214f854454bd0a082c578fe9b6,99de2576860cc9960834352f7289d03d3b1f67f7,le3,2,1,21
jcabi_jcabi-github__d062ad2e69,jcabi/jcabi-github,d062ad2e69d14f21d327a87c742382af2df7f224,571d073c01ca49712844287ed4eb142f702419b8,af7e544d068da2f394dc040165ca003e663613ff,le3,2,1,22
killbilling_recurly-java-library__08a7a04b55,killbilling/recurly-java-library,08a7a04b55d1f2d92c22a2503c6c2c5de967a5b8,dcfa15ca5d90a20b387ee9b41630b9f71f581a07,56be3597e139bc666ff01f865853fd118fb0dd05,le3,2,1,23
datastax_java-driver__089aacb75c,datastax/java-driver,089aacb75cc86c67b8d2f650ade1fe041e66323d,51d99f49daa0c54d9ec3ef4977e2e14ef9ffaf6c,2d2715d7cb1af85c19d0aef4b0cf1b3b79acf999,le3,2,1,24
jenkinsci_active-directory-plugin__9dc0b0f2e7,jenkinsci/active-directory-plugin,9dc0b0f2e7fdf4801c2fe17dcf13c9166678bf26,7f3e7136eb11ab4a1154f46ed1ca9887693b5002,477586ad556aed714412d8fb403e0ae55f198c58,le3,2,1,25
tgac_miso-lims__fa7593e209,tgac/miso-lims,fa7593e209edb54b5a5c11eeb0b07103c0b02a94,4507173cbdcd0d2389767fe4aeb43936629af24a,0955feeaaab386ffc307e46d7c65bbbaa953ee8d,le3,2,1,26
kongchen_swagger-maven-plugin__a0f0c8d4d9,kongchen/swagger-maven-plugin,a0f0c8d4d9a98c1d7c9e469f47e215328eb7c3e6,54723e39cc744f1c5cc99cfba88e783727f63aa4,0b7e10d19a3e89a35df01117bdac11cb5f901d38,le3,3,2,27
apache_commons-jexl__4ae5496db5,apache/commons-jexl,4ae5496db5a3e4df685f5da35aae052dfdec7e05,43fdeed59b161f9846b6746e63000be0e7b767a3,29422ced61b33022af74359a6f0aec95d30924a3,gt3,14,9,28
killbilling_recurly-java-library__632df268de,killbilling/recurly-java-library,632df268def938afed21e25c7f2474011df5aaf1,b9728ccb66fbf98bab937368b6cda00ba1674dd9,3f1cbf7523f876bb2f27c2010fc05bfcd96be2bd,le3,3,2,29
solita_functional-utils__396886272a,solita/functional-utils,396886272a60f4a5ad21a5277071f7bc9c3247b1,2d4530ed4fa4f1cf86235595759720d5d622cae2,80a2b66a68c0b2db255627804c09df2b6b2dc22b,le3,2,1,30
spigotmc_bungeecord__d5d204c80c,spigotmc/bungeecord,d5d204c80cbb9f7282a385cd84b7ce3636a22bbf,3f6996dbe8debe0d3d8ae92b67c10273306ff984,dce4ea193ad461832094f4368829e927db578265,gt3,4,3,31
dieselpoint_norm__f09183b3a5,dieselpoint/norm,f09183b3a52d7713dcc6a1b6036bcd3819f947c9,bb4c6525f96b050686cd07f699eed6eff08ec003,8acf20e0ce8d99523927b4fcc4eb90b92a0a621f,le3,2,1,32
sdllanguagetechnologies_testy__0bf477ccc7,sdllanguagetechnologies/testy,0bf477ccc77a6520539fe7e11709e07be71f85ae,1d0cfa99fb9f6603805e823f19d5b92bed401406,929cf45ec065c4cc0fa4ff743ff74c29a779d253,le3,2,1,33
hdiv_hdiv__b018f08537,hdiv/hdiv,b018f08537d904981c8ef9a7ecf6b5e400869682,c482fc4f6a786a68d0a5e084e752337b2988f683,0f0bc5e0733991002bf425ae75960974dba3c400,le3,2,1,34
scribble_scribble-java__164250d0d0,scribble/scribble-java,164250d0d03a6cfb879d3ea5c5672bac5b0133ec,ea369a7bd0505034d7ed548fb26eeaeb70198517,2742ef8fd2ec92aa2b7f7a208961892a18ca580c,le3,3,2,35
cloudfoundry_cf-java-client__0fcd650324,cloudfoundry/cf-java-client,0fcd650324c32696cc5f752787697dddc0b41a35,f1b0826faa82e2481b4d1ec5b16d5d44d107077e,2f788a386909d1bf934a29fd48a6b1d21290e746,gt3,4,3,36
dynjs_dynjs__ee2219fc8b,dynjs/dynjs,ee2219fc8b7178f9df605277b89200011093a534,b0f3e1e3217792abd2cec6e18bf7e376f56ae1d1,cf7bbe9e06fd28c686ecbc47ba59bfa25c854e47,gt3,4,2,37
mercadopago_sdk-java__f60681aae0,mercadopago/sdk-java,f60681aae04e2986541668b836247750833f4147,31885f3c5c4908aec7e7c1249dc024d64a623418,78228de02eb44f771159020c833a8f4da3894763,le3,3,2,38
linkedin_camus__2d23f37b6d,linkedin/camus,2d23f37b6dc778f8d12eea62aeff9eaf912f8987,6386ad6b2e9adb840ab1c456f2521ff07cce2617,67234f7f88be7caf709d80c601d829c753f5ec2b,le3,2,1,39
jooq_jooq__5f4dfc1f99,jooq/jooq,5f4dfc1f99631f8e88dd1a315ae2feec32f39877,cfe5f0cd74602d108a2322458e7f81f141cde077,9ce76a4008abc9fb2ed75254e0f613a4fa31a1fa,le3,2,1,40
addthis_stream-lib__644e4e9be4,addthis/stream-lib,644e4e9be40e0eb69a9aef6acee6ca28643f174b,e221cb6ab7841007e68d9a6e215f39600ff27502,35816a5396ba66280229d3b0d1c8570f62b6ae4a,le3,2,1,41
tcurdt_jdeb__d9b8ae4994,tcurdt/jdeb,d9b8ae4994ed1a742e205d42e49babeffe200531,bf268c7c1ae38c40712233a8f3070735e590613e,5152ce927699e6c9ebf7285232076dca8616a1f1,le3,3,2,42
marginallyclever_makelangelo__d5dbffab93,marginallyclever/makelangelo,d5dbffab935717a2ecbe13a684f6ccc042c44f0b,3a3ba9b2581469975322cf77620c5ea362071792,b7c10bb453fb97867c1a9e1ce574424692bb3036,gt3,5,3,43
seanchenxi_gwt-storage__8ce0dc7d79,seanchenxi/gwt-storage,8ce0dc7d7973f330a05563badf54037c90cd129b,87b4707591b8e61609aa40f3a8c37568e3702e9a,f0e679c108f9bdb7a7246cc863643addcf8b5cb1,le3,3,2,44
feroult_yawp__8518960a9a,feroult/yawp,8518960a9a916ec76f31751c722d21c61edf422f,f1651b21c5005679eb39bc2b490b5aa80661859f,4b84185ce248d9af69219cd24c89e53eda6b2548,gt3,5,4,45
tdunning_t-digest__396e56c59c,tdunning/t-digest,396e56c59c883e657776cd2b3e915f5d30dee5ec,c5342cc739b07c100a4ea194f77f1527b75626a3,a0360a481db2005674f43f28a8020f1b27cde83e,gt3,4,3,46
openpnp_openpnp__46ba03734f,openpnp/openpnp,46ba03734f756b19b409a04c138b3d945170bc07,f9739f803f5035812bf20cb6210849df8568ee0a,de54e679eaa37d86da4592c4f84ce9a4f0793e47,le3,3,2,47
jgralab_jgralab__f8c57c3bef,jgralab/jgralab,f8c57c3bef325c131cee3e28aa59c22377ca4ba1,38c4420a04fe3eaee476aa33fe789c1d5d849eeb,90e66dc45f7df2740aa1101cd94a75f236dbdb08,gt3,7,6,48
skyscreamer_jsonassert__b4513d8349,skyscreamer/jsonassert,b4513d8349f0a0919e05f956568955dec673b75c,9771c1904ea159f79dbaab6bbefae53db851ceb8,3b854c0bfdb2f5b915984d15ec8ea12f5b794235,le3,2,1,49
jenkinsci_coverity-plugin__cba2ffdc45,jenkinsci/coverity-plugin,cba2ffdc456e11aef169b7e469f3605f8874f05e,d038bcb4783075006a5de4357420c0d68ee55748,96d1c65d39ed91d19bfc1a5c69cb51034452cbe5,gt3,9,8,50
release-engineering_pom-manipulation-ext__9800d78d1f,release-engineering/pom-manipulation-ext,9800d78d1ffb2a4c1b1bd0aab55bf9793961f724,6334195991f442756b3594898b61b0ba6cfd3621,6b4cb89f926efcb040f9795d473afb6db51f69bb,le3,2,1,51
scifio_scifio__60c3e1f8bb,scifio/scifio,60c3e1f8bbb3be0292e64e8c059f805299c1c17e,bf964aab86313d499313c5c4b4a0a40b27497d72,81981bd0fc59c0dd3c3b04aca5e25d41a4413646,le3,2,1,52
xerial_sqlite-jdbc__c4dddf0c09,xerial/sqlite-jdbc,c4dddf0c09cb413cb15802097063070ae190a126,1704db637e1d7abc006fba836f8e49732642221e,76b90f7be018ddd98978e9f60a5fd7fff68ed916,le3,3,1,53
jhalterman_expiringmap__a0c2e3e6a0,jhalterman/expiringmap,a0c2e3e6a0995582ef1199db7c250f9883b075ea,6cb40a4752c7391c5a4d308d5737639e26dc1815,b6a544d640196f96fc91e21c8227735781a1a0f2,le3,2,1,54
graphaware_neo4j-noderank__01ca7a83ca,graphaware/neo4j-noderank,01ca7a83cadb126fcef90405f4a8036ac2a22a02,b78badfb88462adb87978da091e7b7213e3aa6a1,19602ad06a849def37a2de307a320871c1328fa2,le3,3,1,55
mrcookieslime_slimefun-3.0__ec3ce7315e,mrcookieslime/slimefun-3.0,ec3ce7315e88363288083cba68eb5daeb6054c2a,77f2c91d05c656524a40de0ad04a24cd5ce55c3e,8d72b90addb10685ed4de5f4cad4b44ad0b39677,le3,2,1,56
simmetrics_simmetrics__a0857905c0,simmetrics/simmetrics,a0857905c0446c61e7f264aea4138a5cc0d2a2b5,4e647c4e54524f977a71d09a34624261f225d81b,ab3332f7038654d70023b9438597bc305e844503,le3,2,1,57
sebfz1_wicket-jquery-ui__a6579b6936,sebfz1/wicket-jquery-ui,a6579b6936ad28772486f79afe1043547d16690f,2e40d950ef8005a5112561d2b1db6b050e07e45f,35dc023ec4ccbeabefc6d95ccb0c8cd1334f3417,le3,2,1,58
sonarcommunity_sonar-php__89bbe08884,sonarcommunity/sonar-php,89bbe0888471e14cf7af18a495d9225cd7c382e2,d0aa26546f8fa0d336d42eb7b5f0e1f95fcf7898,fec4849fe7c2f5264d424a89bfc5ca0fd0ed259d,le3,2,1,59
dynjs_dynjs__a98c081265,dynjs/dynjs,a98c081265982db02dec1543679620aae7783b47,014bdb874bfdf7b2dd631b6f33bb55ecf5e52010,b827311d06a240018788dfdbbc7bb4a4de4e102e,gt3,6,5,60
jri_deepamehta__4370ff574c,jri/deepamehta,4370ff574c66c1faeb2741ccd89a756a91c08615,cf6ec0d60bf706cdfe92e766c2960711f0ef87fb,a0aea34fac1397097483d66857011d42878c18f1,le3,2,1,61
pablissimo_sonartsplugin__ae74dd0e69,pablissimo/sonartsplugin,ae74dd0e69af25d822b5f3f2b6d658aff07f6118,2194422e5c360d083a48b7529ee4ca04a5d990f7,dc44ea19eb9c326cfeba4f13b298b83016520547,le3,3,2,62
cloudfoundry_cf-java-client__e82ba668cd,cloudfoundry/cf-java-client,e82ba668cd951790588e2e82cf38f3e5850fe014,8b99869c583947534a81d6ee00faf55414eb86eb,d007f964021e978786960c136a32a670d61e177d,gt3,31,22,63
solovyevk_htm-cla-visualizer__9428655918,solovyevk/htm-cla-visualizer,94286559181db4d3b19d0d0d814a28efe3e1d783,f7894cf76d0b1aa1f1066187a6b2213b3630e338,ae607d6bcb18f27ddfa008da90d4de8aae5c57da,le3,2,1,64
jri_deepamehta__6a7295cd1f,jri/deepamehta,6a7295cd1ff99f1f7658108bf10b3b1f4e40d639,98fb628d3ae11efeef9b03963309dcc41a31003e,6870789a4a1353d214dd2307d53d22170e72f2c4,gt3,4,2,65
rjohnsondev_java-libpst__c4092b6aa4,rjohnsondev/java-libpst,c4092b6aa4bf8d1d48bf15d72abd7de6fe8a4723,977850371bd36c57202d4e70c92d7757693846d3,5fd2c7553b3b9569bacf17faccb9a692fab459e7,gt3,4,2,66
apache_avro__cfd4567570,apache/avro,cfd456757044fd2205be578ad902acd5c70c2561,19108de451e12582e97acde1c91d505e3b029b59,2e5acf3e5fd1e6c0f193bea0c2234c09a848f17a,le3,2,1,67
jenkins-infra_ircbot__bfa5471c79,jenkins-infra/ircbot,bfa5471c7907101997c4630690a033cb82a677cb,fcc594a5c477a8ea55309a4c910701b3fd9b0f04,b8e5882dfa503fbf2c179eb683a2918343f4f90d,le3,2,1,68
jsprit_jsprit__56067dc590,jsprit/jsprit,56067dc5908da4d78d587a68a7e59612f93dc953,f9c1178e3f3ac364429466cc47bd10003ac9989e,42eaa0ad760a47000786b683a729d4bcb2aa2841,le3,2,1,69
stealthly_xml-avro__4cadd7d11f,stealthly/xml-avro,4cadd7d11f80af746499bcba731b0559642e621e,ac3bea4c04b2d23c845194634ab600d700989a37,9b30127c7477a4977b3a01198b06a334a229691e,gt3,4,2,70
danielflower_maven-gitlog-plugin__0bce3a1367,danielflower/maven-gitlog-plugin,0bce3a1367ac611fc90a265cee3fc6de53c75943,3330e18f01f39361c7cfbb21d26d44c8f9c21a00,2007bf5f639ec25ca7b30b77ffd3f9701923a57e,le3,2,1,71
spoutcraft_legacylauncher__2fc5e84503,spoutcraft/legacylauncher,2fc5e845038efd0f5df1d54f8ae50ba00f6241a0,d4e752545b537dc716e1879b7db50ab56a55bc9f,4b0f0c0eaf835930a7064363ee7de1258d66f381,gt3,4,2,72
andrewphorn_classicube-client__c674ba0f02,andrewphorn/classicube-client,c674ba0f02f262c299a821e2640474bcf3451b9a,4bf388c1cce6c43c2593308cd30c6a07be158dfc,f9eb2e02aa88da1d94fabd2b5e71587cd0bba171,le3,2,1,73
lusito_gamedevweek__98e1d9fc53,lusito/gamedevweek,98e1d9fc53d925c97b2c00438dd36aa657c39f70,f6ebb44d0403cb2ef4898555a9befa5abc02fc1e,be6324539872e9aa6e65b54b84f2b302f6a2c0af,le3,3,2,74
yubico_ykneo-openpgp__df508d7991,yubico/ykneo-openpgp,df508d799167e2667bf3488214b6df53e5f647b3,998a7e0f1d376b8b0cdfbd4ae512c0aef227923c,3f5a582f98187b408aa67180a2224e041436d945,le3,3,2,75
cloudslang_score__00990fbde5,cloudslang/score,00990fbde5fb1f02e18c012a9cba5768632d026d,91c4e43c8a262a9929e9711c7899163b724109b5,2c3ec3f1a8a2e769934a5a11ddaf0e3bb2c9b2f9,le3,2,1,76
semanticvectors_semanticvectors__c7f49a8a1e,semanticvectors/semanticvectors,c7f49a8a1ee4acaf9b5b406073a3cdf31d7690d0,f42c6ab2bb49e17b233701f191874f5e0b334083,549e791f447c2343984ac36f3ce2a39c858c6d83,le3,2,1,77
zhegexiaohuozi_jsoupxpath__acc061e03a,zhegexiaohuozi/jsoupxpath,acc061e03a9eecbee2f2ba80672fec1d7b3b2ddf,a38e71b943a9449119696978b4d5ef3f2290b4bb,27955ca65be56608e58796b99da65b9b7c9dde8f,gt3,4,2,78
jmacglashan_burlap__4e8800b668,jmacglashan/burlap,4e8800b6680f46064862f5b9c28ca5499203ddbd,3b1917000b96d9fe9cba84db6ae8cbd3143dad2f,f4bc6379d047c30d86fc62227c55e5a7b09b5a35,gt3,4,3,79
resty-gwt_resty-gwt__aaedfb1fd5,resty-gwt/resty-gwt,aaedfb1fd5e2a5a2b47b2b2e889dcd262eb8a805,cafa1dd9b47efbd70520a68c12b8699c4884b671,775375211c7561db0702a94b9e659799a9ac5725,gt3,8,6,80
movsim_movsim__3ed611f451,movsim/movsim,3ed611f45106ff6b4d171e32215da5350e4ab0e1,f846698a653e9801557752b99483a93546e0b21f,58cdfd9f12a7744b2e6720a9bb4870bd519d9159,gt3,9,8,81
dschulten_hydra-java__99ad5cffd9,dschulten/hydra-java,99ad5cffd98a9cdfa439c08e7b131c184f72d9eb,f7f84299e02364513f7fdbd16fb1d844ce9bf6d0,28406ae3bb54f42c7b3be38871e33f94aedf6cc0,gt3,5,4,82
spigotmc_bungeecord__1265dce612,spigotmc/bungeecord,1265dce6125b528890473254c439008d6a54f95f,791757da3ed90904a37fa45db04521998205871d,22bd43f725add677c96a22ccd286f0d47d0fb8b8,gt3,4,1,83
mpatric_mp3agic__cc8c12a759,mpatric/mp3agic,cc8c12a759c75d38927b3dfff05c0aafc989cad7,7c46d3beb119122b0abd94f108c5b66ffd4891fb,3bd2057dc36358ad9fab83033c249f612b802041,gt3,5,3,84
splunk_splunk-library-javalogging__f681fb092f,splunk/splunk-library-javalogging,f681fb092f95c1a40f17f951da04731d83da42aa,4b7f6865171778b106260095f58f0dcd36b6ec27,427bca6419a66c484694ebfe3b16714dd29b0817,gt3,5,4,85
larsga_duke__6767497ccc,larsga/duke,6767497ccc440c9a64ec7526a7feab97a9cce367,5697882659b187d87f460bcd01ef0bf105d274aa,7fb9b5e58c583211067adeced2bdb0c4c59e830c,gt3,6,5,86
laforge49_jactor2__2ace56826c,laforge49/jactor2,2ace56826c6da34c2cbb41dc8e4d30d80d5eefea,97d63bc1cafba87e2b8d6645dec5de1aaaa9482b,0ceff1faf17a840ca915563517df0d205e91a524,gt3,4,3,87
fluentlenium_fluentlenium__1a3d0631c5,fluentlenium/fluentlenium,1a3d0631c5c6fade4d12f339be127cd5b7767e8f,9007f13246d4052bafbe123c609cfb12895739d3,5e015b37c1f051bc98013ea7924b1fdd6bb6c7dd,gt3,9,3,88
adoptopenjdk_mjprof__754462e890,adoptopenjdk/mjprof,754462e890ac29f2155ef2f60aeba253ad15ce76,4962f53609eea0aeef8b98fa156f0d8d12ced109,b53ee16a330b07ab9a9171da60c2919319542260,gt3,5,4,89
jcabi_jcabi-github__725c33e830,jcabi/jcabi-github,725c33e830cce2c5674f1e8ce92f9a46d1255f1d,162b71cfd45d0ab3ff5b79f48c987130f4b94e37,9ddccc2b6792af168dae6904c372d62184c8d537,gt3,5,4,90
dcm4che_dcm4che__af57bb9f01,dcm4che/dcm4che,af57bb9f016f2b44ecbb7650d26ad18591158627,887dc0240c2406c7f0f70f34851011067989e02a,4c9b37d5dc57cd421dcaee476b58a2360886d7c3,gt3,4,3,91
webbit_webbit__089c664c71,webbit/webbit,089c664c71c95df14a01f361316dbe99a27b0182,fa8ee66d296f88482329d1892e47a07e945a4cc1,da44853aa65e0b995aba560405a87c47059cbeb1,gt3,6,5,92
shazam_shazamcrest__9be9807f1c,shazam/shazamcrest,9be9807f1cf79c5a11d69fde25afc99f3fb2f40c,c4fa05990bece3e3ead865e456dd2cfd3fb345d3,fa139e6f61d0cf631855edc581afb7afd724aa8a,gt3,10,4,93
jcabi_jcabi-http__b33d320e5a,jcabi/jcabi-http,b33d320e5a794ad393369a0c141a3afbc1ff53e4,ee483b9296ef0ea74d24d2e44af127c3c9ce83d7,ac7e410c15291f550aa34be929b10dc26d91dd38,gt3,10,8,94
teamed_qulice__ad93f0b28b,teamed/qulice,ad93f0b28b154ea6cbd4901d05f3bedc74a0ec82,d577051ce5ead53e8c888a9be4624835169cfc68,4b1608ac72f3a55879cc4583143355faf3982981,gt3,4,2,95
mbosecke_pebble__6e59941fc9,mbosecke/pebble,6e59941fc929111cf62862c2ff11e16d0269f6aa,7e004604794f22fc49fcf81d42556f6035d688d5,628d8f82c583bae710e4e6f15c6c734b2e0ca606,gt3,4,3,96
lemire_javaewah__a9dc33b4eb,lemire/javaewah,a9dc33b4ebaa951110e9d55cc1988c73c6e04342,086911907e4100a7af69ff92781deadee3a95b4e,0358971727462b5825cc2b7d7bb33c4c87ba874b,gt3,4,3,97
apache_commons-bcel__fe6af1cab2,apache/commons-bcel,fe6af1cab222aa229fbd83616a40b9d46d856d1e,b40402d2cecaeb4c62c000d16bab0efaf84848a3,63c955c54959cef0e31e3ef4263d166c3bf38a60,gt3,5,3,98
motown-io_motown__c2ad8d6d0c,motown-io/motown,c2ad8d6d0cec1d5f43f3e7c9cb46afd45783ab0f,e50859054dca7a828dc5ce859438bf363f65c9a2,d33e1c9bb6a5e5e0ad7711a6f47075477893aa6a,gt3,4,3,99
semanticvectors_semanticvectors__9461e75688,semanticvectors/semanticvectors,9461e75688f8d1768140ecd58f13adbbc2d4c93f,dc54ade056cf4aba7ce5056a7c1216aa4622d5d3,b679d17bec13345488974a7500a0252f140ee506,gt3,4,3,100
