scenario_id,repo,file_ours,proj_ours,only_proj_ours,only_file_ours,file_theirs,proj_theirs,only_proj_theirs,only_file_theirs,cluster_file,cluster_proj,cluster_proj_full
47deg_firebrand__5af53e4af4__src_main_java_org_firebrandocm_dao_impl_hector_HectorPersistenceFactory.java,47deg_firebrand,Change Class Access Modifier;Change Method Access Modifier,Change Class Access Modifier;Change Method Access Modifier,,,Change Method Access Modifier,Change Method Access Modifier,,,LOCAL_DECL_EDIT,LOCAL_DECL_EDIT,LOCAL_DECL_EDIT
47deg_firebrand__766c135387__src_main_java_org_firebrandocm_dao_ClassMetadata.java,47deg_firebrand,,,,,Change Method Access Modifier,Change Method Access Modifier,,,LOCAL_DECL_EDIT,LOCAL_DECL_EDIT,MIGRATE_DECL
47deg_firebrand__776567ef4e__src_main_java_org_firebrandocm_dao_ClassMetadata.java,47deg_firebrand,,,,,Change Method Access Modifier,Change Method Access Modifier,,,LOCAL_DECL_EDIT,LOCAL_DECL_EDIT,LOCAL_DECL_EDIT
9apps_elasticsearch-cloudwatch__8e72563c34__src_main_java_net_nineapps_elasticsearch_plugin_cloudwatch_CloudwatchPluginService.java,9apps_elasticsearch-cloudwatch,,,,,,,,,NONE,NONE,NONE
ab0oo_javaprslib__a929486b0e__src_main_java_net_ab0oo_aprs_parser_APRSPacket.java,ab0oo_javaprslib,Change Attribute Access Modifier;Change Parameter Type;Encapsulate Attribute;Rename Parameter,Change Attribute Access Modifier;Change Parameter Type;Encapsulate Attribute;Extract And Move Method;Extract Class;Move Attribute;Move Method;Rename Parameter,Extract And Move Method;Extract Class;Move Attribute;Move Method,,,,,,INTRA_BODY,MIGRATE_DECL,MIGRATE_DECL
abel533_echarts__c6ad45b63a__src_main_java_com_github_abel533_echarts_Basic.java,abel533_echarts,Encapsulate Attribute,Encapsulate Attribute,,,,,,,SYMBOL_CASCADE,SYMBOL_CASCADE,SYMBOL_CASCADE
acciente_oacc-core__0ca7e4ea4f__src_main_java_com_acciente_oacc_sql_SQLAccessControlContextFactory.java,acciente_oacc-core,,,,,Add Parameter,Add Parameter,,,SYMBOL_CASCADE,SYMBOL_CASCADE,INTRA_BODY
accla_d4m_api_java__0035e071ee__src_main_java_edu_mit_ll_graphulo_Graphulo.java,accla_d4m_api_java,Merge Attribute,Merge Attribute,,,Add Parameter,Add Parameter,,,SYMBOL_CASCADE,SYMBOL_CASCADE,INTRA_BODY
accla_d4m_api_java__09c65cd954__src_main_java_edu_mit_ll_d4m_db_cloud_D4mDbInsert.java,accla_d4m_api_java,,,,,,,,,NONE,NONE,MIGRATE_DECL
accla_d4m_api_java__31dd135b67__src_main_java_edu_mit_ll_d4m_db_cloud_accumulo_D4mDbQueryAccumulo.java,accla_d4m_api_java,,,,,Merge Conditional,Merge Conditional,,,INTRA_BODY,INTRA_BODY,INTRA_BODY
accla_d4m_api_java__3d17b93fca__src_main_java_edu_mit_ll_d4m_db_cloud_accumulo_AccumuloTableOperations.java,accla_d4m_api_java,,,,,Change Variable Type,Change Variable Type,,,INTRA_BODY,INTRA_BODY,INTRA_BODY
accla_d4m_api_java__5d66714f7e__src_main_java_edu_mit_ll_d4m_db_cloud_accumulo_D4mDbQueryAccumulo.java,accla_d4m_api_java,,,,,,,,,NONE,NONE,INTRA_BODY
adamd_z__da778dcb9c__src_com_adamldavis_z_Z.java,adamd_z,Change Attribute Access Modifier;Change Attribute Type;Change Variable Type;Extract Method;Remove Attribute Modifier;Rename Attribute,Change Attribute Access Modifier;Change Attribute Type;Change Variable Type;Extract Class;Extract Method;Move Attribute;Move Method;Remove Attribute Modifier;Rename Attribute,Extract Class;Move Attribute;Move Method,,,,,,MIGRATE_DECL,MIGRATE_DECL,MIGRATE_DECL
adangel_pmd__312d4c60c0__pmd-core_src_main_java_net_sourceforge_pmd_PMD.java,adangel_pmd,,,,,,,,,NONE,NONE,MIGRATE_DECL
adangel_pmd__3485acaa6f__pmd-java_src_main_java_net_sourceforge_pmd_lang_java_symboltable_ClassScope.java,adangel_pmd,,,,,Extract Variable,Extract Variable,,,INTRA_BODY,INTRA_BODY,INTRA_BODY
adangel_pmd__a2c344fb54__pmd-xml_src_main_java_net_sourceforge_pmd_lang_xml_ast_DOMLineNumbers.java,adangel_pmd,,,,,Change Attribute Type;Extract Variable;Parameterize Variable;Remove Attribute Modifier;Rename Variable,Change Attribute Type;Extract Variable;Parameterize Variable;Remove Attribute Modifier;Rename Variable,,,INTRA_BODY,INTRA_BODY,MIGRATE_DECL
adangel_pmd__e52be14980__pmd-core_src_main_java_net_sourceforge_pmd_cpd_SourceCode.java,adangel_pmd,,,,,Encapsulate Attribute;Extract Variable,Encapsulate Attribute;Extract Variable,,,INTRA_BODY,INTRA_BODY,MIGRATE_DECL
adangel_pmd__f9c6b0b08d__pmd-java_src_main_java_net_sourceforge_pmd_lang_java_rule_imports_UnusedImportsRule.java,adangel_pmd,,,,,,,,,NONE,NONE,MIGRATE_DECL
addthis_meshy__66ca16d72b__src_main_java_com_addthis_meshy_MeshyServer.java,addthis_meshy,,,,,,,,,NONE,NONE,SYMBOL_CASCADE
addthis_stream-lib__290602d727__src_main_java_com_clearspring_analytics_stream_cardinality_CountThenEstimate.java,addthis_stream-lib,,,,,Rename Variable,Rename Variable,,,INTRA_BODY,INTRA_BODY,MIGRATE_DECL
addthis_stream-lib__323e301061__src_main_java_com_clearspring_analytics_stream_cardinality_HyperLogLogPlus.java,addthis_stream-lib,,,,,,,,,NONE,NONE,NONE
addthis_stream-lib__59ece5dc87__src_main_java_com_clearspring_analytics_stream_cardinality_HyperLogLogPlus.java,addthis_stream-lib,Inline Method;Remove Attribute Modifier,Inline Method;Remove Attribute Modifier,,,,,,,MIGRATE_DECL,MIGRATE_DECL,MIGRATE_DECL
addthis_stream-lib__644e4e9be4__src_main_java_com_clearspring_analytics_stream_cardinality_HyperLogLogPlus.java,addthis_stream-lib,,,,,,,,,NONE,NONE,NONE
addthis_stream-lib__a946396485__src_main_java_com_clearspring_analytics_stream_cardinality_HyperLogLogPlus.java,addthis_stream-lib,Extract Method,Extract Method,,,,,,,MIGRATE_DECL,MIGRATE_DECL,MIGRATE_DECL
addthis_stream-lib__b61c914497__src_main_java_com_clearspring_analytics_hash_MurmurHash.java,addthis_stream-lib,,,,,,,,,NONE,NONE,MIGRATE_DECL
addthis_stream-lib__c901ea4391__src_main_java_com_clearspring_analytics_stream_cardinality_HyperLogLog.java,addthis_stream-lib,,,,,,,,,NONE,NONE,NONE
addthis_stream-lib__db2ede7429__src_main_java_com_clearspring_analytics_stream_cardinality_HyperLogLog.java,addthis_stream-lib,Add Thrown Exception Type;Inline Method;Rename Variable;Replace Attribute With Variable,Add Thrown Exception Type;Inline Method;Rename Variable;Replace Attribute With Variable,,,,,,,MIGRATE_DECL,MIGRATE_DECL,MIGRATE_DECL
addthis_stream-lib__e0a13b01fb__src_main_java_com_clearspring_analytics_stream_cardinality_HyperLogLogPlus.java,addthis_stream-lib,Extract Method;Merge Conditional;Parameterize Variable;Rename Variable,Extract Method;Merge Conditional;Parameterize Variable;Rename Variable,,,Add Attribute Modifier;Add Method Modifier;Add Parameter;Change Attribute Type;Change Method Access Modifier;Change Parameter Type;Change Return Type;Change Variable Type;Encapsulate Attribute;Extract Method;Rename Method;Rename Variable,Add Attribute Modifier;Add Method Modifier;Add Parameter;Change Attribute Type;Change Method Access Modifier;Change Parameter Type;Change Return Type;Change Variable Type;Encapsulate Attribute;Extract Method;Rename Method;Rename Variable,,,MIGRATE_DECL,MIGRATE_DECL,MIGRATE_DECL
addthis_stream-lib__e221cb6ab7__src_main_java_com_clearspring_analytics_stream_cardinality_HyperLogLogPlus.java,addthis_stream-lib,,,,,Change Variable Type;Rename Variable,Change Variable Type;Rename Variable,,,INTRA_BODY,INTRA_BODY,INTRA_BODY
addthis_stream-lib__e4a8d65ba1__src_main_java_com_clearspring_analytics_stream_cardinality_HyperLogLogPlus.java,addthis_stream-lib,,,,,Extract Method;Merge Conditional;Parameterize Variable;Rename Variable,Extract Method;Merge Conditional;Parameterize Variable;Rename Variable,,,MIGRATE_DECL,MIGRATE_DECL,MIGRATE_DECL
adoptopenjdk_mjprof__44b7a2b3db__src_main_java_com_performizeit_mjstack_MJStack.java,adoptopenjdk_mjprof,,,,,Change Method Access Modifier,Change Method Access Modifier,,,LOCAL_DECL_EDIT,LOCAL_DECL_EDIT,MIGRATE_DECL
adoptopenjdk_mjprof__754462e890__src_main_java_com_performizeit_mjprof_model_SFNode.java,adoptopenjdk_mjprof,,,,,,,,,NONE,NONE,MIGRATE_DECL
adoptopenjdk_mjprof__fde954818e__src_main_java_com_performizeit_mjstack_api_BasePlugin.java,adoptopenjdk_mjprof,,,,,,,,,NONE,NONE,MIGRATE_DECL
aerogear_aerogear-crypto-java__4c895357e7__src_main_java_org_jboss_aerogear_AeroGearCrypto.java,aerogear_aerogear-crypto-java,,,,,,,,,NONE,NONE,MIGRATE_DECL
aerospike_aerospike-client-java__35cdb2c14b__proxy_src_com_aerospike_client_proxy_grpc_GrpcChannelExecutor.java,aerospike_aerospike-client-java,Change Variable Type;Extract Variable;Parameterize Variable;Replace Loop With Pipeline,Change Variable Type;Extract Variable;Parameterize Variable;Replace Loop With Pipeline,,,Add Parameter;Change Variable Type;Rename Variable,Add Parameter;Change Variable Type;Rename Variable,,,INTRA_BODY,INTRA_BODY,INTRA_BODY
aerospike_aerospike-client-java__526dc9ce73__client_src_com_aerospike_client_AerospikeClient.java,aerospike_aerospike-client-java,Change Variable Type,Change Variable Type,,,,,,,INTRA_BODY,INTRA_BODY,MIGRATE_DECL
aerospike_aerospike-client-java__7d8ed0bd0b__client_src_com_aerospike_client_AerospikeClient.java,aerospike_aerospike-client-java,,,,,Change Variable Type;Rename Variable,Change Variable Type;Rename Variable,,,INTRA_BODY,INTRA_BODY,MIGRATE_DECL
aerospike_aerospike-client-java__924fe34da0__client_src_com_aerospike_client_AerospikeClient.java,aerospike_aerospike-client-java,,,,,Change Variable Type;Rename Variable,Change Variable Type;Rename Variable,,,INTRA_BODY,INTRA_BODY,MIGRATE_DECL
aerospike_aerospike-client-java__94db6c183a__proxy_src_com_aerospike_client_proxy_grpc_DefaultGrpcChannelSelector.java,aerospike_aerospike-client-java,Change Parameter Type;Rename Parameter,Change Parameter Type;Rename Parameter,,,Change Parameter Type;Rename Parameter,Change Parameter Type;Rename Parameter,,,INTRA_BODY,INTRA_BODY,INTRA_BODY
aerospike_aerospike-client-java__955ae93853__proxy_src_com_aerospike_client_proxy_grpc_GrpcChannelExecutor.java,aerospike_aerospike-client-java,,,,,Change Variable Type;Extract Variable;Parameterize Variable;Replace Loop With Pipeline,Change Variable Type;Extract Variable;Parameterize Variable;Replace Loop With Pipeline,,,INTRA_BODY,INTRA_BODY,MIGRATE_DECL
aerospike_aerospike-client-java__b77316ac92__proxy_src_com_aerospike_client_proxy_grpc_GrpcChannelExecutor.java,aerospike_aerospike-client-java,Add Parameter,Add Parameter,,,Change Attribute Type;Change Variable Type;Parameterize Variable;Remove Parameter;Replace Variable With Attribute,Change Attribute Type;Change Variable Type;Parameterize Variable;Remove Parameter;Replace Variable With Attribute,,,INTRA_BODY,INTRA_BODY,MIGRATE_DECL
aerospike_aerospike-client-java__d78d73ab7c__client_src_com_aerospike_client_command_SyncCommand.java,aerospike_aerospike-client-java,,Pull Up Method;Remove Method Annotation,Pull Up Method;Remove Method Annotation,,,,,,NONE,MIGRATE_DECL,MIGRATE_DECL
aerospike_aerospike-client-java__deae846ff3__client_src_com_aerospike_client_cluster_Cluster.java,aerospike_aerospike-client-java,,,,,,,,,NONE,NONE,SYMBOL_CASCADE
aerospike_aerospike-client-java__dfa7c50814__test_src_com_aerospike_test_util_Args.java,aerospike_aerospike-client-java,Change Parameter Type,Change Parameter Type,,,Extract Method;Rename Variable,Extract Method;Rename Variable,,,MIGRATE_DECL,MIGRATE_DECL,MIGRATE_DECL
aerospike_aerospike-client-java__ecf123c191__client_src_com_aerospike_client_query_PartitionTracker.java,aerospike_aerospike-client-java,Change Parameter Type;Extract Method;Rename Parameter,Change Parameter Type;Extract Method;Rename Parameter,,,Rename Method,Extract And Move Method;Rename Method,Extract And Move Method,,MIGRATE_DECL,MIGRATE_DECL,MIGRATE_DECL
aerospike_aerospike-client-java__fe69bb9c07__benchmarks_src_com_aerospike_benchmarks_InsertTaskAsync.java,aerospike_aerospike-client-java,Change Attribute Type;Change Parameter Type,Change Attribute Type;Change Parameter Type,,,Change Attribute Type;Change Parameter Type,Change Attribute Type;Change Parameter Type,,,SYMBOL_CASCADE,SYMBOL_CASCADE,MIGRATE_DECL
afranken_jmeter-analysis-maven-plugin__b5d8d8fc2b__src_main_java_com_lazerycode_jmeter_analyzer_AnalyzeMojo.java,afranken_jmeter-analysis-maven-plugin,,,,,,,,,NONE,NONE,MIGRATE_DECL
ahmetaa_zemberek-nlp__dcf5bee7e9__ner_src_main_java_zemberek_ner_PostProcessedNE.java,ahmetaa_zemberek-nlp,Extract Variable,Extract Variable,,,,,,,INTRA_BODY,INTRA_BODY,INTRA_BODY
ahmetaa_zemberek-nlp__e497b43183__experiment_src_test_java_zemberek_embedding_fasttext_FastTextTest.java,ahmetaa_zemberek-nlp,,,,,,,,,NONE,NONE,MIGRATE_DECL
ahmetaa_zemberek-nlp__ef48fdd35b__classification_src_main_java_zemberek_classification_FastTextClassifierTrainer.java,ahmetaa_zemberek-nlp,,,,,,,,,NONE,NONE,INTRA_BODY
