arm,merge_id,scenario_id,file_path,merge_outcome,JoernDataFlowInterference,JoernUnresolvedReference,JoernInfiniteLoop,JoernInvalidLoopBounds,RM2RenameConflict,file_verdict,runtime_s
pos,apache_shiro__13806fc623,apache_shiro__13806fc623__web_src_test_java_org_apache_shiro_web_mgt_CookieRememberMeManagerTest.java,web/src/test/java/org/apache/shiro/web/mgt/CookieRememberMeManagerTest.java,clean,CLEAN,CLEAN,CLEAN,CLEAN,CLEAN,CLEAN,66.226
pos,blockchain_api-v1-client-java__abdf54e6ab,blockchain_api-v1-client-java__abdf54e6ab__src_main_java_info_blockchain_api_HttpClient.java,src/main/java/info/blockchain/api/HttpClient.java,clean,CLEAN,CLEAN,CLEAN,CLEAN,CLEAN,CLEAN,64.033
pos,camsys_onebusaway-application-modules__915e2f3ffe,camsys_onebusaway-application-modules__915e2f3ffe__onebusaway-transit-data-federation_src_main_java_org_onebusaway_transit_data_federation_impl_beans_StopWithArrivalsAndDeparturesBeanServiceImpl.java,onebusaway-transit-data-federation/src/main/java/org/onebusaway/transit_data_federation/impl/beans/StopWithArrivalsAndDeparturesBeanServiceImpl.java,clean,CLEAN,CLEAN,CLEAN,CLEAN,CLEAN,CLEAN,64.068
pos,clojure_clojure__77342d2e35,clojure_clojure__77342d2e35__src_jvm_clojure_lang_Compiler.java,src/jvm/clojure/lang/Compiler.java,clean,CLEAN,CLEAN,CLEAN,CLEAN,CLEAN,CLEAN,131.681
pos,cloudfoundry_cf-java-client__80d0a0dff9,cloudfoundry_cf-java-client__80d0a0dff9__cloudfoundry-operations_src_main_java_org_cloudfoundry_operations_serviceadmin_DefaultServiceAdmin.java,cloudfoundry-operations/src/main/java/org/cloudfoundry/operations/serviceadmin/DefaultServiceAdmin.java,clean,CLEAN,CLEAN,CLEAN,CLEAN,CLEAN,CLEAN,71.149
pos,cloudfoundry_cf-java-client__9f6b79e294,cloudfoundry_cf-java-client__9f6b79e294__cloudfoundry-operations_src_main_java_org_cloudfoundry_operations_applications_DefaultApplications.java,cloudfoundry-operations/src/main/java/org/cloudfoundry/operations/applications/DefaultApplications.java,clean,CLEAN,CLEAN,CLEAN,CLEAN,CLEAN,CLEAN,89.602
pos,cternes_openkeepass__bb53512ab2,cternes_openkeepass__bb53512ab2__src_main_java_de_slackspace_openkeepass_KeePassDatabase.java,src/main/java/de/slackspace/openkeepass/KeePassDatabase.java,clean,CLEAN,CLEAN,CLEAN,CLEAN,CLEAN,CLEAN,66.383
pos,cternes_openkeepass__bb53512ab2,cternes_openkeepass__bb53512ab2__src_test_java_de_slackspace_openkeepass_reader_KeepassDatabaseReaderTest.java,src/test/java/de/slackspace/openkeepass/reader/KeepassDatabaseReaderTest.java,clean,CLEAN,CLEAN,CLEAN,CLEAN,CLEAN,CLEAN,65.857
pos,datastax_java-driver__3eb34e6785,datastax_java-driver__3eb34e6785__driver-core_src_main_java_com_datastax_driver_core_TableMetadata.java,driver-core/src/main/java/com/datastax/driver/core/TableMetadata.java,conflict,,,,,,DIVERGED,0.38
pos,erudika_para__a9e67cc8b3,erudika_para__a9e67cc8b3__para-server_src_main_java_com_erudika_para_aop_IndexAndCacheAspect.java,para-server/src/main/java/com/erudika/para/aop/IndexAndCacheAspect.java,clean,CLEAN,FLAG,CLEAN,CLEAN,FLAG,FLAG,82.06
pos,jacquesberger_jsonparsingexample__ac521954c2,jacquesberger_jsonparsingexample__ac521954c2__src_main_java_org_jberger_jsonparsingexample_json_JSON.java,src/main/java/org/jberger/jsonparsingexample/json/JSON.java,clean,CLEAN,FLAG,CLEAN,CLEAN,CLEAN,FLAG,64.993
pos,javaparser_javaparser__a23c6aa3b8,javaparser_javaparser__a23c6aa3b8__javaparser-testing_src_test_java_com_github_javaparser_bdd_steps_DumpingSteps.java,javaparser-testing/src/test/java/com/github/javaparser/bdd/steps/DumpingSteps.java,clean,CLEAN,CLEAN,CLEAN,CLEAN,CLEAN,CLEAN,63.13
pos,jcabi_jcabi-http__0c63dd0c75,jcabi_jcabi-http__0c63dd0c75__src_main_java_com_jcabi_http_mock_MkQueryMatchers.java,src/main/java/com/jcabi/http/mock/MkQueryMatchers.java,conflict,,,,,,DIVERGED,0.296
pos,jnr_jnr-unixsocket__467698b6bd,jnr_jnr-unixsocket__467698b6bd__src_main_java_jnr_unixsocket_Native.java,src/main/java/jnr/unixsocket/Native.java,clean,CLEAN,CLEAN,CLEAN,CLEAN,CLEAN,CLEAN,64.32
pos,jnr_jnr-unixsocket__467698b6bd,jnr_jnr-unixsocket__467698b6bd__src_main_java_jnr_unixsocket_UnixSocketChannel.java,src/main/java/jnr/unixsocket/UnixSocketChannel.java,clean,CLEAN,CLEAN,CLEAN,CLEAN,CLEAN,CLEAN,63.961
pos,kaazing_robot__084cc0b426,kaazing_robot__084cc0b426__specification_wse_src_test_java_org_kaazing_specification_wse_data_BinaryAsEscapedTextIT.java,specification/wse/src/test/java/org/kaazing/specification/wse/data/BinaryAsEscapedTextIT.java,clean,CLEAN,CLEAN,CLEAN,CLEAN,CLEAN,CLEAN,61.869
pos,mikera_vectorz__d93ef1b341,mikera_vectorz__d93ef1b341__src_test_java_mikera_matrixx_TestMatrices.java,src/test/java/mikera/matrixx/TestMatrices.java,clean,CLEAN,CLEAN,CLEAN,CLEAN,CLEAN,CLEAN,69.45
pos,mitre_http-proxy-servlet__b7a68118f2,mitre_http-proxy-servlet__b7a68118f2__src_main_java_org_mitre_dsmiley_httpproxy_ProxyServlet.java,src/main/java/org/mitre/dsmiley/httpproxy/ProxyServlet.java,clean,CLEAN,CLEAN,CLEAN,CLEAN,CLEAN,CLEAN,68.088
pos,movsim_movsim__00d5222b61,movsim_movsim__00d5222b61__src_main_java_org_movsim_simulator_roadSection_impl_RoadSectionImpl.java,src/main/java/org/movsim/simulator/roadSection/impl/RoadSectionImpl.java,conflict,,,,,,DIVERGED,0.351
pos,named-data_jndn__3d47402192,named-data_jndn__3d47402192__src_net_named_data_jndn_NetworkNack.java,src/net/named_data/jndn/NetworkNack.java,clean,CLEAN,CLEAN,CLEAN,CLEAN,CLEAN,CLEAN,62.096
pos,nysenate_openlegislation__9c7cf034c1,nysenate_openlegislation__9c7cf034c1__src_main_java_gov_nysenate_openleg_search_committee_ElasticCommitteeSearchDao.java,src/main/java/gov/nysenate/openleg/search/committee/ElasticCommitteeSearchDao.java,clean,CLEAN,CLEAN,CLEAN,CLEAN,CLEAN,CLEAN,65.478
pos,openhft_chronicle-bytes__5bad7e86ea,openhft_chronicle-bytes__5bad7e86ea__src_main_java_net_openhft_chronicle_bytes_NativeBytes.java,src/main/java/net/openhft/chronicle/bytes/NativeBytes.java,clean,CLEAN,CLEAN,CLEAN,CLEAN,CLEAN,CLEAN,67.894
pos,openhft_chronicle-bytes__e3ac571d25,openhft_chronicle-bytes__e3ac571d25__src_test_java_net_openhft_chronicle_bytes_BytesTest.java,src/test/java/net/openhft/chronicle/bytes/BytesTest.java,clean,CLEAN,CLEAN,CLEAN,CLEAN,CLEAN,CLEAN,71.411
pos,openhft_chronicle-network__fb39c8ca3b,openhft_chronicle-network__fb39c8ca3b__src_main_java_net_openhft_chronicle_network_cluster_Cluster.java,src/main/java/net/openhft/chronicle/network/cluster/Cluster.java,conflict,,,,,,DIVERGED,0.304
pos,prism_prism-bukkit__6dfb9ef0cf,prism_prism-bukkit__6dfb9ef0cf__src_main_java_me_botsko_prism_commands_NearCommand.java,src/main/java/me/botsko/prism/commands/NearCommand.java,clean,CLEAN,CLEAN,CLEAN,CLEAN,CLEAN,CLEAN,65.531
pos,prism_prism-bukkit__74927cacad,prism_prism-bukkit__74927cacad__src_main_java_me_botsko_prism_actionlibs_ActionsQuery.java,src/main/java/me/botsko/prism/actionlibs/ActionsQuery.java,conflict,,,,,,DIVERGED,0.273
pos,prism_prism-bukkit__74927cacad,prism_prism-bukkit__74927cacad__src_main_java_me_botsko_prism_database_DeleteQuery.java,src/main/java/me/botsko/prism/database/DeleteQuery.java,clean,CLEAN,CLEAN,CLEAN,CLEAN,CLEAN,CLEAN,60.293
pos,tabulapdf_tabula-java__767699f3aa,tabulapdf_tabula-java__767699f3aa__src_main_java_technology_tabula_detectors_RegexSearch.java,src/main/java/technology/tabula/detectors/RegexSearch.java,conflict,,,,,,DIVERGED,0.361
pos,tabulapdf_tabula-java__767699f3aa,tabulapdf_tabula-java__767699f3aa__src_test_java_technology_tabula_TestRegexSearch.java,src/test/java/technology/tabula/TestRegexSearch.java,clean,CLEAN,CLEAN,CLEAN,CLEAN,CLEAN,CLEAN,72.648
pos,thenewcircle_spring-hibernate-20120924__7ec9c1b4bb,thenewcircle_spring-hibernate-20120924__7ec9c1b4bb__src_main_java_com_marakana_contacts_controllers_ContactController.java,src/main/java/com/marakana/contacts/controllers/ContactController.java,clean,CLEAN,CLEAN,CLEAN,CLEAN,CLEAN,CLEAN,64.958
pos,urbanairship_datacube__b8bef94f4d,urbanairship_datacube__b8bef94f4d__src_main_java_com_urbanairship_datacube_DataCubeIo.java,src/main/java/com/urbanairship/datacube/DataCubeIo.java,clean,CLEAN,CLEAN,CLEAN,CLEAN,CLEAN,CLEAN,66.449
pos,urbanairship_datacube__b8bef94f4d,urbanairship_datacube__b8bef94f4d__src_main_java_com_urbanairship_datacube_dbharnesses_HBaseDbHarness.java,src/main/java/com/urbanairship/datacube/dbharnesses/HBaseDbHarness.java,clean,CLEAN,CLEAN,CLEAN,CLEAN,CLEAN,CLEAN,72.219
pos,uwolfer_gerrit-rest-java-client__8e688db702,uwolfer_gerrit-rest-java-client__8e688db702__src_main_java_com_urswolfer_gerrit_client_rest_http_GerritRestClient.java,src/main/java/com/urswolfer/gerrit/client/rest/http/GerritRestClient.java,conflict,,,,,,DIVERGED,0.339
pos,winder_universal-g-code-sender__84d687330a,winder_universal-g-code-sender__84d687330a__ugs-core_src_com_willwinder_universalgcodesender_model_GUIBackend.java,ugs-core/src/com/willwinder/universalgcodesender/model/GUIBackend.java,clean,CLEAN,CLEAN,CLEAN,CLEAN,CLEAN,CLEAN,72.69
pos,winder_universal-g-code-sender__84d687330a,winder_universal-g-code-sender__84d687330a__ugs-core_src_com_willwinder_universalgcodesender_utils_ControllerSettings.java,ugs-core/src/com/willwinder/universalgcodesender/utils/ControllerSettings.java,clean,CLEAN,CLEAN,CLEAN,CLEAN,CLEAN,CLEAN,64.39
pos,xebia_xebium__a82603c978,xebia_xebium__a82603c978__src_main_java_com_xebia_incubator_xebium_SeleniumDriverFixture.java,src/main/java/com/xebia/incubator/xebium/SeleniumDriverFixture.java,clean,CLEAN,CLEAN,CLEAN,CLEAN,CLEAN,CLEAN,66.942
ctl,apache_metamodel__f9f2bc07f3,apache_metamodel__f9f2bc07f3__core_src_main_java_org_apache_metamodel_query_parser_QueryPartParser.java,core/src/main/java/org/apache/metamodel/query/parser/QueryPartParser.java,clean,CLEAN,CLEAN,CLEAN,CLEAN,CLEAN,CLEAN,66.529
ctl,apache_metamodel__f9f2bc07f3,apache_metamodel__f9f2bc07f3__core_src_test_java_org_apache_metamodel_query_parser_QueryParserTest.java,core/src/test/java/org/apache/metamodel/query/parser/QueryParserTest.java,clean,CLEAN,CLEAN,CLEAN,CLEAN,CLEAN,CLEAN,67.46
ctl,apache_roller__d362f5d1ee,apache_roller__d362f5d1ee__app_src_main_java_org_apache_roller_weblogger_business_search_IndexManagerImpl.java,app/src/main/java/org/apache/roller/weblogger/business/search/IndexManagerImpl.java,clean,CLEAN,CLEAN,CLEAN,CLEAN,CLEAN,CLEAN,66.452
ctl,chrsan_css-selectors__0f725a05d1,chrsan_css-selectors__0f725a05d1__src_main_java_se_fishtank_css_selectors_dom_internal_PseudoContainsSpecifierChecker.java,src/main/java/se/fishtank/css/selectors/dom/internal/PseudoContainsSpecifierChecker.java,clean,CLEAN,CLEAN,CLEAN,CLEAN,CLEAN,CLEAN,62.514
ctl,dtrules_dtrules__621afc4ef5,dtrules_dtrules__621afc4ef5__compilerutil_src_main_java_com_dtrules_compiler_decisiontables_DTCompiler.java,compilerutil/src/main/java/com/dtrules/compiler/decisiontables/DTCompiler.java,clean,CLEAN,CLEAN,CLEAN,CLEAN,CLEAN,CLEAN,67.62
ctl,dtrules_dtrules__621afc4ef5,dtrules_dtrules__621afc4ef5__dsl_el_src_main_java_com_dtrules_compiler_el_EL.java,dsl/el/src/main/java/com/dtrules/compiler/el/EL.java,clean,CLEAN,CLEAN,CLEAN,CLEAN,CLEAN,CLEAN,67.515
ctl,farin_jcloisterzone__4a38e3b926,farin_jcloisterzone__4a38e3b926__src_main_java_com_jcloisterzone_engine_Engine.java,src/main/java/com/jcloisterzone/engine/Engine.java,clean,CLEAN,CLEAN,CLEAN,CLEAN,CLEAN,CLEAN,70.374
ctl,fasseg_exp4j__184e5535f9,fasseg_exp4j__184e5535f9__src_main_java_de_congrace_exp4j_Tokenizer.java,src/main/java/de/congrace/exp4j/Tokenizer.java,clean,CLEAN,CLEAN,CLEAN,CLEAN,CLEAN,CLEAN,69.935
ctl,fasseg_exp4j__184e5535f9,fasseg_exp4j__184e5535f9__src_test_java_de_congrace_exp4j_ExpressionBuilderTest.java,src/test/java/de/congrace/exp4j/ExpressionBuilderTest.java,clean,CLEAN,CLEAN,CLEAN,CLEAN,CLEAN,CLEAN,78.105
ctl,fasterxml_jackson-core__be2854d5c6,fasterxml_jackson-core__be2854d5c6__src_test_java_com_fasterxml_jackson_core_filter_BasicParserFilteringTest.java,src/test/java/com/fasterxml/jackson/core/filter/BasicParserFilteringTest.java,clean,CLEAN,CLEAN,CLEAN,CLEAN,CLEAN,CLEAN,70.493
ctl,fernandezpablo85_scribe-java__33d45e1797,fernandezpablo85_scribe-java__33d45e1797__scribejava-core_src_main_java_com_github_scribejava_core_oauth_OAuth10aService.java,scribejava-core/src/main/java/com/github/scribejava/core/oauth/OAuth10aService.java,clean,CLEAN,CLEAN,CLEAN,CLEAN,CLEAN,CLEAN,62.63
ctl,fluentlenium_fluentlenium__d88fff0f59,fluentlenium_fluentlenium__d88fff0f59__fluentlenium-core_src_test_java_org_fluentlenium_integration_FluentLeniumWaitTest.java,fluentlenium-core/src/test/java/org/fluentlenium/integration/FluentLeniumWaitTest.java,clean,CLEAN,CLEAN,CLEAN,CLEAN,CLEAN,CLEAN,67.35
ctl,gitools_gitools__9f09acdad0,gitools_gitools__9f09acdad0__org.gitools.ui.app_src_main_java_org_gitools_ui_app_actions_Actions.java,org.gitools.ui.app/src/main/java/org/gitools/ui/app/actions/Actions.java,clean,CLEAN,CLEAN,CLEAN,CLEAN,CLEAN,CLEAN,64.195
ctl,greese_dasein-cloud-core__5fe1190801,greese_dasein-cloud-core__5fe1190801__src_main_java_org_dasein_cloud_compute_MachineImageSupport.java,src/main/java/org/dasein/cloud/compute/MachineImageSupport.java,clean,CLEAN,CLEAN,CLEAN,CLEAN,CLEAN,CLEAN,63.214
ctl,jalkanen_speed4j__18370b9544,jalkanen_speed4j__18370b9544__src_main_java_com_ecyrd_speed4j_log_PeriodicalLog.java,src/main/java/com/ecyrd/speed4j/log/PeriodicalLog.java,clean,CLEAN,CLEAN,CLEAN,CLEAN,CLEAN,CLEAN,68.157
ctl,jenkinsci_coverity-plugin__bd192d7108,jenkinsci_coverity-plugin__bd192d7108__src_main_java_jenkins_plugins_coverity_CoverityPublisher.java,src/main/java/jenkins/plugins/coverity/CoverityPublisher.java,clean,CLEAN,CLEAN,CLEAN,CLEAN,CLEAN,CLEAN,72.333
ctl,jenkinsci_ui-samples-plugin__179ee92cdf,jenkinsci_ui-samples-plugin__179ee92cdf__src_main_java_jenkins_plugins_ui_samples_Select.java,src/main/java/jenkins/plugins/ui_samples/Select.java,clean,CLEAN,CLEAN,CLEAN,CLEAN,CLEAN,CLEAN,70.602
ctl,jparsec_jparsec__a1fac0af65,jparsec_jparsec__a1fac0af65__jparsec_src_main_java_org_codehaus_jparsec_ScannerState.java,jparsec/src/main/java/org/codehaus/jparsec/ScannerState.java,clean,CLEAN,CLEAN,CLEAN,CLEAN,CLEAN,CLEAN,64.202
ctl,julietkilo_canbabel__ea550c2876,julietkilo_canbabel__ea550c2876__src_main_java_com_github_canbabel_canio_dbc_DbcReader.java,src/main/java/com/github/canbabel/canio/dbc/DbcReader.java,clean,CLEAN,CLEAN,CLEAN,CLEAN,CLEAN,CLEAN,72.369
ctl,linkedin_camus__fd747243ca,linkedin_camus__fd747243ca__camus-etl-kafka_src_main_java_com_linkedin_camus_etl_kafka_mapred_EtlInputFormat.java,camus-etl-kafka/src/main/java/com/linkedin/camus/etl/kafka/mapred/EtlInputFormat.java,clean,CLEAN,CLEAN,CLEAN,CLEAN,CLEAN,CLEAN,71.368
ctl,mercadopago_sdk-java__540cfa9763,mercadopago_sdk-java__540cfa9763__src_test_java_com_mercadopago_BaseClientIT.java,src/test/java/com/mercadopago/BaseClientIT.java,clean,CLEAN,CLEAN,CLEAN,CLEAN,CLEAN,CLEAN,62.546
ctl,mercadopago_sdk-java__540cfa9763,mercadopago_sdk-java__540cfa9763__src_test_java_com_mercadopago_client_cardtoken_CardTokenClientIT.java,src/test/java/com/mercadopago/client/cardtoken/CardTokenClientIT.java,clean,CLEAN,CLEAN,CLEAN,CLEAN,CLEAN,CLEAN,64.675
ctl,mrcookieslime_slimefun-3.0__6a34470b47,mrcookieslime_slimefun-3.0__6a34470b47__src_main_java_io_github_thebusybiscuit_slimefun4_api_items_SlimefunItem.java,src/main/java/io/github/thebusybiscuit/slimefun4/api/items/SlimefunItem.java,clean,CLEAN,CLEAN,CLEAN,CLEAN,CLEAN,CLEAN,71.316
ctl,named-data_jndn__320742aa20,named-data_jndn__320742aa20__src_net_named_data_jndn_Data.java,src/net/named_data/jndn/Data.java,clean,CLEAN,CLEAN,CLEAN,CLEAN,CLEAN,CLEAN,65.865
ctl,named-data_jndn__320742aa20,named-data_jndn__320742aa20__src_net_named_data_jndn_Node.java,src/net/named_data/jndn/Node.java,clean,CLEAN,CLEAN,CLEAN,CLEAN,CLEAN,CLEAN,74.016
ctl,nysenate_openlegislation__8645aab4d6,nysenate_openlegislation__8645aab4d6__src_main_java_gov_nysenate_openleg_controller_api_bill_BillGetCtrl.java,src/main/java/gov/nysenate/openleg/controller/api/bill/BillGetCtrl.java,clean,CLEAN,CLEAN,CLEAN,CLEAN,CLEAN,CLEAN,67.44
ctl,openhft_chronicle-threads__8b940638d7,openhft_chronicle-threads__8b940638d7__src_main_java_net_openhft_chronicle_threads_MonitorEventLoop.java,src/main/java/net/openhft/chronicle/threads/MonitorEventLoop.java,clean,CLEAN,CLEAN,CLEAN,CLEAN,CLEAN,CLEAN,60.964
ctl,openpnp_openpnp__e8a35b8e6f,openpnp_openpnp__e8a35b8e6f__src_main_java_org_openpnp_gui_importer_EagleBoardImporter.java,src/main/java/org/openpnp/gui/importer/EagleBoardImporter.java,clean,CLEAN,CLEAN,CLEAN,CLEAN,CLEAN,CLEAN,74.909
ctl,pandcorps_pandam__e736609b61,pandcorps_pandam__e736609b61__game-furguardians_src_main_java_org_pandcorps_furguardians_FurGuardiansGame.java,game-furguardians/src/main/java/org/pandcorps/furguardians/FurGuardiansGame.java,clean,CLEAN,CLEAN,CLEAN,CLEAN,CLEAN,CLEAN,97.281
ctl,poetix_protonpack__2ce321af89,poetix_protonpack__2ce321af89__src_main_java_com_codepoetics_protonpack_StreamUtils.java,src/main/java/com/codepoetics/protonpack/StreamUtils.java,clean,CLEAN,CLEAN,CLEAN,CLEAN,CLEAN,CLEAN,63.536
ctl,reckart_shib-http-client__536fe936a3,reckart_shib-http-client__536fe936a3__src_main_java_de_tudarmstadt_ukp_shibhttpclient_ShibHttpClient.java,src/main/java/de/tudarmstadt/ukp/shibhttpclient/ShibHttpClient.java,clean,CLEAN,CLEAN,CLEAN,CLEAN,CLEAN,CLEAN,66.628
ctl,sandergielisse_enderstone__8e17a2983e,sandergielisse_enderstone__8e17a2983e__src_org_enderstone_server_packet_NetworkManager.java,src/org/enderstone/server/packet/NetworkManager.java,clean,CLEAN,CLEAN,CLEAN,CLEAN,CLEAN,CLEAN,65.363
ctl,sd4324530_fastweixin__53b5138ff7,sd4324530_fastweixin__53b5138ff7__src_main_java_com_github_sd4324530_fastweixin_servlet_WeixinSupport.java,src/main/java/com/github/sd4324530/fastweixin/servlet/WeixinSupport.java,clean,CLEAN,CLEAN,CLEAN,CLEAN,CLEAN,CLEAN,74.225
ctl,srt_asterisk-java__99ba7cc5bd,srt_asterisk-java__99ba7cc5bd__src_main_java_org_asteriskjava_live_internal_AsteriskServerImpl.java,src/main/java/org/asteriskjava/live/internal/AsteriskServerImpl.java,clean,CLEAN,CLEAN,CLEAN,CLEAN,CLEAN,CLEAN,74.347
ctl,vojtechhabarta_typescript-generator__05aea6d7c1,vojtechhabarta_typescript-generator__05aea6d7c1__typescript-generator-core_src_main_java_cz_habarta_typescript_generator_ext_BeanPropertyPathExtension.java,typescript-generator-core/src/main/java/cz/habarta/typescript/generator/ext/BeanPropertyPathExtension.java,clean,CLEAN,CLEAN,CLEAN,CLEAN,CLEAN,CLEAN,69.64
