merge_id,stratum,split
ahome-it_lienzo-core__bf4b253816,A,heldout
apache_commons-lang__53184369d0,A,derivation
apache_olingo-odata4__820b462f49,A,derivation
apache_olingo-odata4__cf731c2cb8,A,derivation
apache_shiro__13806fc623,A,heldout
atam4j_atam4j__71fcecb071,A,derivation
azuread_azure-activedirectory-library-for-java__d3f143872b,A,heldout
bguerout_jongo__3aaaf0e4c7,A,derivation
blockchain_api-v1-client-java__abdf54e6ab,A,derivation
blockchain_api-v1-client-java__e349598f95,A,derivation
buddycloud_buddycloud-server-java__33ec3ec7cd,A,heldout
buddycloud_buddycloud-server-java__43c8b054e9,A,derivation
buddycloud_buddycloud-server-java__48e4675ee2,A,derivation
buschmais_extended-objects__46ec306cf6,A,heldout
camsys_onebusaway-application-modules__915e2f3ffe,A,derivation
camsys_onebusaway-application-modules__e779e9fce1,A,derivation
clojure_clojure__77342d2e35,A,heldout
cloudfoundry_cf-java-client__80d0a0dff9,A,derivation
cloudfoundry_cf-java-client__933add90ad,A,heldout
cloudfoundry_cf-java-client__9f6b79e294,A,heldout
cloudfoundry_cf-java-client__a69078adc8,A,derivation
cloudfoundry_cf-java-client__a9d35d542d,A,derivation
cloudfoundry_cf-java-client__b0add1ef2a,A,derivation
cloudfoundry_cf-java-client__be097d5860,A,derivation
cloudfoundry_cf-java-client__eb3b2f5beb,A,derivation
comatoes_ftl-profile-editor__e87fe65818,A,derivation
cternes_openkeepass__bb53512ab2,A,derivation
dabsquared_gitlab-plugin__d555b8773d,A,heldout
datastax_java-driver__1f25c7e3a0,A,heldout
datastax_java-driver__7ff4958746,A,heldout
datastax_java-driver__e1535e89ad,A,derivation
deemopen_zkui__2843e7c28f,A,derivation
dius_java-faker__4c61966b1c,A,derivation
dtrules_dtrules__505c5cbf82,A,derivation
elisarver_selophane__4ecc600017,A,derivation
erudika_para__a9e67cc8b3,A,heldout
fasterxml_jackson-core__2572819ed9,A,heldout
fasterxml_jackson-datatype-joda__4e6c266339,A,heldout
feroult_yawp__141f79a8e9,A,derivation
feroult_yawp__1723236a65,A,heldout
frankbille_scoreboard__890ecd0bdb,A,heldout
garbagemule_mobarena__b34dc0d5ac,A,derivation
google_compile-testing__608e1cb92a,A,heldout
google_truth__2e4a23bebb,A,heldout
google_truth__9289ed34ae,A,heldout
greese_dasein-cloud-core__6c37152e5f,A,derivation
guhilling_cdi-test__f3f8094c67,A,heldout
gwtbootstrap3_gwtbootstrap3__5c0d1eab79,A,derivation
haraldwalker_user-agent-utils__eaaaa1488b,A,derivation
ignorance77_transformiceapi__9a65b8374f,A,heldout
imixs_imixs-workflow__23b86de5b4,A,derivation
iryndin_jdbf__9853124d73,A,derivation
j256_ormlite-core__2c159335d4,A,derivation
j256_ormlite-core__606986f118,A,derivation
jacquesberger_jsonparsingexample__ac521954c2,A,derivation
jadler-mocking_jadler__294a06c3fc,A,derivation
javamoney_jsr354-api__6d2356a153,A,heldout
javaparser_javaparser__41a398414f,A,derivation
javaparser_javaparser__91ebf36c06,A,heldout
javaparser_javaparser__a23c6aa3b8,A,heldout
javaparser_javaparser__dc6254f1bf,A,derivation
javaparser_javaparser__ff91564b7f,A,derivation
jboss-msc_jboss-msc__1d9b8d45ff,A,derivation
jboss-msc_jboss-msc__a4e21a3b10,A,derivation
jboss-remoting_jboss-remoting__66a0631d13,A,derivation
jcabi_jcabi-github__27cc460e3c,A,heldout
jcabi_jcabi-github__b13d2596ba,A,derivation
jcabi_jcabi-github__e18a8ffd16,A,derivation
jdupl_lancoder__407742ea19,A,derivation
jenkinsci_coverity-plugin__2fb8690816,A,heldout
jenkinsci_coverity-plugin__62bdb6232e,A,derivation
jenkinsci_credentials-plugin__b9cb5f9d1b,A,heldout
jenkinsci_docker-build-publish-plugin__59faa9673c,A,derivation
jenkinsci_email-ext-plugin__4def0e56a8,A,derivation
jenkinsci_jira-plugin__0eec353cb5,A,derivation
jenkinsci_jira-plugin__6ad78581c9,A,heldout
jenkinsci_ldap-plugin__3eee59e25a,A,heldout
jenkinsci_ui-samples-plugin__81bf937a3d,A,heldout
jline_jline2__348cb9dada,A,derivation
jmetal_jmetal__162d1a63b7,A,derivation
jmetal_jmetal__7d9295f890,A,heldout
jmetal_jmetal__b4630972a8,A,derivation
jnr_jnr-unixsocket__467698b6bd,A,derivation
jnr_jnr-unixsocket__f8f34e5634,A,heldout
joel-costigliola_assertj-core__1b4ad829f3,A,heldout
joel-costigliola_assertj-core__74baae279d,A,derivation
jparsec_jparsec__ef02642abd,A,heldout
jsprit_jsprit__5cf6758085,A,heldout
jwtk_jjwt__ff932e9838,A,derivation
k3po_k3po__084cc0b426,A,heldout
kaazing_k3po__084cc0b426,A,derivation
kaazing_robot__084cc0b426,A,derivation
kohsuke_github-api__4e56b8bb78,A,derivation
kongchen_swagger-maven-plugin__1e61731653,A,heldout
kongchen_swagger-maven-plugin__3d2ea22d07,A,derivation
learning-layers_socialsemanticserver__4ada3cddc3,A,heldout
lwhite1_tablesaw__13178c81a1,A,heldout
mashape_unirest-java__121f85b819,A,derivation
mashape_unirest-java__b43fb95f4a,A,derivation
mbosecke_pebble__617aab328f,A,derivation
mercadopago_sdk-java__b7498c6f9d,A,derivation
mikera_vectorz__d93ef1b341,A,derivation
mitre_http-proxy-servlet__b7a68118f2,A,derivation
mixpanel_mixpanel-java__bcdd1ed28f,A,derivation
monitorjbl_excel-streaming-reader__8698befdf4,A,heldout
movsim_movsim__6dae25caf7,A,derivation
msopentech_azure-activedirectory-library-for-java__d3f143872b,A,derivation
named-data_jndn__3d47402192,A,derivation
named-data_jndn__e0db451bf1,A,heldout
ninjaframework_ninja__31737c1a10,A,heldout
ninjaframework_ninja__45bb542cb4,A,heldout
ninjaframework_ninja__663883c228,A,derivation
ninjaframework_ninja__94b2365be3,A,derivation
northlander_a__c3f2865b88,A,derivation
nuodb_migration-tools__2e1f6973c4,A,derivation
nurkiewicz_java8-workshop__f5918aa79c,A,heldout
nysenate_openlegislation__9c7cf034c1,A,derivation
okleine_ncoap__99de16a6d2,A,heldout
onebusaway_onebusaway-application-modules__915e2f3ffe,A,derivation
onebusaway_onebusaway-application-modules__e779e9fce1,A,derivation
openhft_chronicle-bytes__5bad7e86ea,A,derivation
openhft_chronicle-bytes__e3ac571d25,A,derivation
openpnp_openpnp__93126880a6,A,derivation
openpnp_openpnp__a3cca4daba,A,derivation
openpnp_openpnp__fb30708fe0,A,heldout
prism_prism-bukkit__15140fadb2,A,heldout
prism_prism-bukkit__6dfb9ef0cf,A,heldout
prism_prism-bukkit__74927cacad,A,heldout
progether_jadventure__9ce4a7106c,A,heldout
progether_jadventure__e28401af85,A,heldout
projectblueshift_blueshiftapi__004679e5bb,A,derivation
recruit-tech_redpen__58d3096f6c,A,heldout
relayrides_pushy__6badde9538,A,derivation
sailthru_sailthru-java-client__ee1f917600,A,derivation
samskivert_jmustache__940af397c4,A,heldout
sander2798_enderstone__3de930e0ed,A,heldout
sander2798_enderstone__b515bac1b0,A,heldout
sandergielisse_enderstone__3de930e0ed,A,heldout
sandergielisse_enderstone__b515bac1b0,A,heldout
segmentio_analytics-java__0d4a7b4e69,A,derivation
skyscreamer_nevado__cdc23cde46,A,heldout
softinstigate_restheart__98dda32101,A,derivation
softinstigate_restheart__b196d4fc15,A,heldout
softinstigate_restheart__d8673744dc,A,heldout
sps_pushover4j__88cd636fab,A,derivation
square_javapoet__d019b6f624,A,derivation
sstrickx_yahoofinance-api__216ad70070,A,heldout
steveice10_mcprotocollib__5c8a435832,A,derivation
swagger-api_swagger-parser__41ccee4da3,A,derivation
swagger-api_swagger-parser__59a85a29da,A,heldout
tabulapdf_tabula-java__767699f3aa,A,heldout
tcurdt_jdeb__77d052996a,A,derivation
thenewcircle_spring-hibernate-20120924__7ec9c1b4bb,A,derivation
tridentsdk_tridentsdk__004679e5bb,A,heldout
tumblr_jumblr__31bd6f8335,A,derivation
urbanairship_datacube__b8bef94f4d,A,derivation
urbanairship_java-library__bbe0297a10,A,derivation
vkostyukov_la4j__d216aa8928,A,derivation
vojtechhabarta_typescript-generator__51835d3c16,A,heldout
winder_universal-g-code-sender__84d687330a,A,heldout
winder_universal-g-code-sender__bc742cb4c4,A,derivation
winder_universal-g-code-sender__c93fec43ee,A,derivation
xebia_xebium__2808ba14a8,A,derivation
xebia_xebium__a82603c978,A,derivation
apache_cayenne__f10ba77a97,B,derivation
apache_commons-collections__15b62fb08d,B,heldout
apache_commons-collections__84e70353ad,B,derivation
apache_commons-collections__f0c2e97529,B,derivation
apache_directory-kerby__798f1b4348,B,derivation
apache_metamodel__c4788a2727,B,heldout
apache_opennlp__8240a2c660,B,derivation
apache_roller__1628c3a3c4,B,heldout
ardesco_selenium-standalone-server-plugin__957d978135,B,derivation
awslabs_amazon-kinesis-client__a207c3760c,B,derivation
azuread_azure-activedirectory-library-for-java__c2385c17f0,B,derivation
cloudslang_score__657635dc0a,B,derivation
cloudslang_score__8c78da61cf,B,heldout
cloudslang_score__ace2958fc1,B,derivation
cloudslang_score__ded24a7b98,B,derivation
danielnorberg_auto-matter__3d46ebaf5a,B,derivation
dius_java-faker__9f0019116a,B,derivation
driesschulten_dozer-model__c7260c73f5,B,heldout
ebay_xcelite__463d8a2f0d,B,heldout
edwardcapriolo_nibiru__bb6150cffd,B,derivation
eirslett_frontend-maven-plugin__d543d86d84,B,heldout
fasterxml_jackson-core__cd12b954a6,B,heldout
flaxsearch_luwak__666bdd192e,B,heldout
flaxsearch_luwak__7956093330,B,heldout
flaxsearch_luwak__9f54b4463e,B,derivation
fluentlenium_fluentlenium__6be832b8bb,B,heldout
fluentlenium_fluentlenium__adba3e9556,B,heldout
gitools_gitools__02221bf3d8,B,derivation
glowroot_glowroot__5edc6961f8,B,derivation
guhilling_cdi-test__04817bb259,B,heldout
imixs_imixs-workflow__d370e1aa34,B,derivation
irstv_cts__99e5d7dd43,B,heldout
jakewharton_disklrucache__7f28919d2a,B,derivation
javaparser_javaparser__6a08db8f51,B,derivation
javaparser_javaparser__e6063bb10d,B,heldout
jcabi_jcabi-github__fccaac2ed7,B,heldout
jdeparser_jdeparser2__868afefbb4,B,derivation
jenkinsci_build-timeout-plugin__daeab4a1ee,B,derivation
jenkinsci_coverity-plugin__5846a9f06a,B,heldout
jenkinsci_credentials-plugin__e9cf377a17,B,derivation
jenkinsci_email-ext-plugin__bbf162f5d5,B,heldout
jenkinsci_junit-plugin__cfcac8f0c9,B,heldout
jiaqi_jmxterm__c6a0ae5c6c,B,derivation
jline_jline2__5acfe59453,B,derivation
jmetal_jmetal__3724e879b8,B,heldout
jmrozanec_cron-utils__a77c0476c3,B,derivation
joel-costigliola_assertj-core__a3011e7f9e,B,derivation
joel-costigliola_assertj-core__d04568906e,B,heldout
joel-costigliola_assertj-core__d3dab0d22c,B,heldout
joel-costigliola_assertj-core__df351133a9,B,derivation
jsamoocha_linksalienceclassification__7aff5753c7,B,derivation
jsprit_jsprit__193d4ec85c,B,derivation
jsprit_jsprit__c60ab8afd0,B,heldout
jsprit_jsprit__df2e3e4b7e,B,derivation
jwtk_jjwt__fd52e0ffc2,B,heldout
kongchen_swagger-maven-plugin__10c79c6df1,B,derivation
logstash_log4j-jsonevent-layout__ee90110799,B,derivation
lukas-krecan_jsonunit__3cb3260c4b,B,derivation
masterthought_cucumber-reporting__d1ecdc4a98,B,derivation
mbosecke_pebble__4466be45d7,B,heldout
mbosecke_pebble__bb807558a3,B,heldout
mbosecke_pebble__e1d07bf277,B,derivation
mercadopago_sdk-java__9dfc950fd2,B,derivation
monitorjbl_excel-streaming-reader__5c0538482f,B,derivation
msopentech_azure-activedirectory-library-for-java__c2385c17f0,B,derivation
mtedone_podam__8d5f7e40f6,B,derivation
nhl_link-etl__5809ccc762,B,derivation
nysenate_openlegislation__b8da5f2051,B,heldout
omnifaces_omnifaces__9fed2fb24d,B,heldout
openhft_chronicle-bytes__0fb20d3a47,B,derivation
openpnp_openpnp__a43f3e919e,B,derivation
openpnp_openpnp__b62c0ce826,B,derivation
oxo42_stateless4j__4c7880ec0e,B,derivation
premium-minds_billy__bc9db33323,B,derivation
prism_prism-bukkit__395b9a57a5,B,heldout
prism_prism-bukkit__c9fd69aac9,B,derivation
projectkorra_projectkorra__f76c2ce874,B,derivation
qcadoo_mes__c6cb8180e5,B,derivation
relayrides_pushy__21150905f2,B,heldout
sander2798_enderstone__9d0d7b7ba8,B,derivation
sander2798_enderstone__df0826f63b,B,heldout
sander2798_enderstone__febdb02eb3,B,heldout
sandergielisse_enderstone__9d0d7b7ba8,B,heldout
sandergielisse_enderstone__df0826f63b,B,derivation
sandergielisse_enderstone__febdb02eb3,B,derivation
sbtourist_journal.io__f13d15914f,B,heldout
scribble_scribble-java__e72f7c9c06,B,heldout
softinstigate_restheart__dc14776b02,B,derivation
sonarcommunity_sonar-php__b155c33852,B,heldout
sonarcommunity_sonar-scm-activity__e078d44db1,B,derivation
sonarsource_sonar-findbugs__b2fd863305,B,derivation
spigotmc_bungeecord__760d3618d3,B,derivation
spigotmc_bungeecord__78083158f5,B,derivation
spigotmc_bungeecord__7b3dcf9d69,B,heldout
spigotmc_bungeecord__84babbd5fe,B,derivation
spigotmc_bungeecord__8943fe2bd2,B,derivation
spigotmc_bungeecord__96db0c71b8,B,heldout
spigotmc_bungeecord__9fa5e74c10,B,heldout
spigotmc_bungeecord__b71e3b33f3,B,derivation
steveice10_mcprotocollib__8a7d7b196b,B,heldout
steveice10_mcprotocollib__b767a94417,B,heldout
stevespringett_dependency-check-sonar-plugin__03377193d3,B,derivation
stratehm_stratum-proxy__45364d27bd,B,derivation
structr_structr__6738b144bb,B,derivation
sviperll_static-mustache__271693c779,B,derivation
urbanairship_datacube__641b92c0fc,B,heldout
vijay2win_flume-cassandra-sink__38cdbeced7,B,derivation
vkostyukov_la4j__843d8ff9de,B,derivation
wordnik_swagger-codegen__dbadd9a831,B,heldout
yandex-qatools_postgresql-embedded__6e15a53c7e,B,derivation
zxing_zxing__26d5d13836,B,heldout
