merge_id,stratum,num_intersecting_csv,status,split,files_materialized,files_scored,files_dropped,dropped_reasons,truncation_level,unit_tokens,over_30k
lwhite1_tablesaw__13178c81a1,A,2,scored,heldout,1,1,0,,T0,11075,0
cloudslang_score__66ba4f51e3,A,2,dropped_divergence,,1,0,1,conflict,,,
cloudslang_score__657635dc0a,B,6,scored,derivation,2,2,0,,T0,16038,0
cloudslang_score__ded24a7b98,B,5,scored,derivation,2,2,0,,T0,16412,0
cloudslang_score__8c78da61cf,B,6,scored,heldout,4,4,0,,T0,25296,0
cloudslang_score__ace2958fc1,B,4,scored,derivation,3,3,0,,T1,27838,0
apache_directory-kerby__798f1b4348,B,5,scored,derivation,3,2,1,conflict,T0,8524,0
openhft_chronicle-bytes__e3ac571d25,A,2,scored,derivation,1,1,0,,T0,6627,0
openhft_chronicle-bytes__5bad7e86ea,A,2,scored,derivation,1,1,0,,T0,8503,0
openhft_chronicle-bytes__a9e7269a84,A,2,dropped_divergence,,1,0,1,conflict,,,
openhft_chronicle-bytes__0fb20d3a47,B,26,scored,derivation,20,19,1,conflict,T3,14342,0
openhft_chronicle-network__fb39c8ca3b,A,2,dropped_divergence,,1,0,1,conflict,,,
stevespringett_dependency-check-sonar-plugin__03377193d3,B,4,scored,derivation,3,3,0,,T0,17327,0
square_javapoet__d019b6f624,A,3,scored,derivation,2,2,0,,T0,23846,0
square_javapoet__1cccd9835b,A,2,materialization_loss,,,,,,,,
javaparser_javaparser__41a398414f,A,3,scored,derivation,2,2,0,,T0,27400,0
javaparser_javaparser__ff91564b7f,A,2,scored,derivation,1,1,0,,T0,7109,0
javaparser_javaparser__dc6254f1bf,A,2,scored,derivation,1,1,0,,T0,6079,0
javaparser_javaparser__91ebf36c06,A,3,scored,heldout,2,2,0,,T0,23669,0
javaparser_javaparser__a23c6aa3b8,A,3,scored,heldout,1,1,0,,T0,5595,0
javaparser_javaparser__e6063bb10d,B,5,scored,heldout,4,4,0,,T0,16603,0
javaparser_javaparser__6a08db8f51,B,61,scored,derivation,60,59,1,conflict,T3/cap5,26740,0
awslabs_amazon-sqs-java-messaging-lib__c6da79ddbb,A,2,materialization_loss,,,,,,,,
bedatadriven_jackson-datatype-jts__1416f1af06,A,2,dropped_divergence,,1,0,1,conflict,,,
sviperll_static-mustache__271693c779,B,4,scored,derivation,3,3,0,,T0,11051,0
cternes_openkeepass__bb53512ab2,A,3,scored,derivation,2,2,0,,T2,21576,0
yandex-qatools_postgresql-embedded__6e15a53c7e,B,6,scored,derivation,5,5,0,,T0,28918,0
apache_metamodel__c4788a2727,B,59,scored,heldout,27,26,1,conflict,T3/cap10,23314,0
jparsec_jparsec__ef02642abd,A,2,scored,heldout,1,1,0,,T0,10309,0
atam4j_atam4j__71fcecb071,A,3,scored,derivation,2,2,0,,T0,8792,0
kaazing_k3po__084cc0b426,A,2,scored,derivation,1,1,0,,T0,3435,0
digidotcom_xbeejavalibrary__6279f85f74,A,2,dropped_divergence,,1,0,1,conflict,,,
sandergielisse_enderstone__b515bac1b0,A,2,scored,heldout,1,1,0,,T0,5614,0
sandergielisse_enderstone__3de930e0ed,A,2,scored,heldout,1,1,0,,T0,10393,0
sandergielisse_enderstone__9d0d7b7ba8,B,4,scored,heldout,3,3,0,,T2,15482,0
sandergielisse_enderstone__febdb02eb3,B,7,scored,derivation,6,6,0,,T2,15072,0
sandergielisse_enderstone__df0826f63b,B,5,scored,derivation,4,4,0,,T2,21592,0
edwardcapriolo_nibiru__bb6150cffd,B,5,scored,derivation,4,4,0,,T0,20681,0
sander2798_enderstone__b515bac1b0,A,2,scored,heldout,1,1,0,,T0,5610,0
sander2798_enderstone__3de930e0ed,A,2,scored,heldout,1,1,0,,T0,10389,0
sander2798_enderstone__9d0d7b7ba8,B,4,scored,derivation,3,3,0,,T2,15478,0
sander2798_enderstone__febdb02eb3,B,7,scored,heldout,6,6,0,,T2,15068,0
sander2798_enderstone__df0826f63b,B,5,scored,heldout,4,4,0,,T2,21588,0
swagger-api_swagger-parser__59a85a29da,A,2,scored,heldout,1,1,0,,T0,11546,0
swagger-api_swagger-parser__41ccee4da3,A,2,scored,derivation,1,1,0,,T0,23355,0
softinstigate_restheart__98dda32101,A,3,scored,derivation,1,1,0,,T0,11546,0
softinstigate_restheart__b196d4fc15,A,2,scored,heldout,1,1,0,,T0,5091,0
softinstigate_restheart__dc14776b02,B,5,scored,derivation,3,3,0,,T0,16024,0
softinstigate_restheart__d8673744dc,A,3,scored,heldout,2,2,0,,T2,15869,0
vojtechhabarta_typescript-generator__51835d3c16,A,2,scored,heldout,1,1,0,,T0,15154,0
blockchain_api-v1-client-java__abdf54e6ab,A,2,scored,derivation,1,1,0,,T0,4340,0
blockchain_api-v1-client-java__e349598f95,A,2,scored,derivation,1,1,0,,T0,4413,0
danielnorberg_auto-matter__3d46ebaf5a,B,7,scored,derivation,6,2,4,conflict,T0,18773,0
sstrickx_yahoofinance-api__216ad70070,A,2,scored,heldout,1,1,0,,T0,2624,0
feroult_yawp__141f79a8e9,A,2,scored,derivation,1,1,0,,T0,2283,0
feroult_yawp__1723236a65,A,2,scored,heldout,1,1,0,,T0,3224,0
jwtk_jjwt__fd52e0ffc2,B,4,scored,heldout,2,2,0,,T0,4157,0
jwtk_jjwt__ff932e9838,A,3,scored,derivation,1,1,0,,T0,10675,0
prism_prism-bukkit__c9fd69aac9,B,5,scored,derivation,4,4,0,,T2,12935,0
prism_prism-bukkit__6dfb9ef0cf,A,2,scored,heldout,1,1,0,,T0,3269,0
prism_prism-bukkit__74927cacad,A,3,scored,heldout,2,1,1,conflict,T0,1022,0
prism_prism-bukkit__15140fadb2,A,2,scored,heldout,1,1,0,,T0,12146,0
prism_prism-bukkit__395b9a57a5,B,15,scored,heldout,10,10,0,,T2,20054,0
azuread_azure-activedirectory-library-for-java__d3f143872b,A,2,scored,heldout,1,1,0,,T0,23059,0
azuread_azure-activedirectory-library-for-java__c2385c17f0,B,6,scored,derivation,4,3,1,conflict,T2,29868,0
jdupl_lancoder__407742ea19,A,3,scored,derivation,2,2,0,,T0,7195,0
projectblueshift_blueshiftapi__004679e5bb,A,3,scored,derivation,1,1,0,,T0,12338,0
tabulapdf_tabula-java__767699f3aa,A,3,scored,heldout,2,1,1,conflict,T2,23710,0
nhl_link-etl__5809ccc762,B,4,scored,derivation,3,3,0,,T0,8592,0
jenkinsci_junit-plugin__cfcac8f0c9,B,7,scored,heldout,5,5,0,,T2,27938,0
jmrozanec_cron-utils__a77c0476c3,B,12,scored,derivation,11,11,0,,T2,21847,0
ahome-it_lienzo-core__bf4b253816,A,2,scored,heldout,1,1,0,,T0,9412,0
kaazing_robot__084cc0b426,A,2,scored,derivation,1,1,0,,T0,3433,0
openhab_jmdns__1ea70c3c7b,A,2,materialization_loss,,,,,,,,
dabsquared_gitlab-plugin__d555b8773d,A,2,scored,heldout,1,1,0,,T0,5601,0
sonarsource_sonar-findbugs__b2fd863305,B,8,scored,derivation,6,6,0,,T2,27950,0
jmetal_jmetal__b4630972a8,A,2,scored,derivation,1,1,0,,T0,3370,0
jmetal_jmetal__162d1a63b7,A,3,scored,derivation,2,2,0,,T0,14675,0
jmetal_jmetal__3724e879b8,B,5,scored,heldout,4,4,0,,T3/cap1/trunc400,17915,0
jmetal_jmetal__7d9295f890,A,2,scored,heldout,1,1,0,,T0,5578,0
google_truth__2e4a23bebb,A,3,scored,heldout,2,2,0,,T0,10886,0
google_truth__9289ed34ae,A,3,scored,heldout,2,2,0,,T0,6973,0
jdeparser_jdeparser2__868afefbb4,B,28,scored,derivation,25,25,0,,T3,11328,0
projectkorra_projectkorra__f76c2ce874,B,4,scored,derivation,2,2,0,,T3/cap1/trunc400,16978,0
ebay_xcelite__463d8a2f0d,B,4,scored,heldout,1,1,0,,T0,13646,0
deemopen_zkui__2843e7c28f,A,3,scored,derivation,2,2,0,,T0,7386,0
uwolfer_gerrit-rest-java-client__8e688db702,A,3,dropped_divergence,,1,0,1,conflict,,,
apache_olingo-odata4__820b462f49,A,2,scored,derivation,1,1,0,,T0,11355,0
apache_olingo-odata4__cf731c2cb8,A,3,scored,derivation,2,2,0,,T3/cap1,27731,0
nurkiewicz_java8-workshop__f5918aa79c,A,2,scored,heldout,1,1,0,,T0,2374,0
stratehm_stratum-proxy__45364d27bd,B,6,scored,derivation,2,1,1,conflict,T3/cap1/trunc400,15985,0
guhilling_cdi-test__04817bb259,B,4,scored,heldout,3,3,0,,T0,8167,0
guhilling_cdi-test__f3f8094c67,A,2,scored,heldout,1,1,0,,T0,3766,0
msopentech_azure-activedirectory-library-for-java__d3f143872b,A,2,scored,derivation,1,1,0,,T0,23061,0
msopentech_azure-activedirectory-library-for-java__c2385c17f0,B,6,scored,derivation,4,3,1,conflict,T2,29870,0
recruit-tech_redpen__58d3096f6c,A,2,scored,heldout,1,1,0,,T0,13246,0
buschmais_extended-objects__46ec306cf6,A,2,scored,heldout,1,1,0,,T0,9856,0
oxo42_stateless4j__4c7880ec0e,B,10,scored,derivation,8,8,0,,T2,17424,0
omnifaces_omnifaces__9fed2fb24d,B,9,scored,heldout,7,6,1,conflict,T3/cap1,21716,0
warmuuh_libsass-maven-plugin__5ca7b3f086,A,2,dropped_divergence,,1,0,1,conflict,,,
jenkinsci_docker-build-publish-plugin__59faa9673c,A,3,scored,derivation,1,1,0,,T0,12995,0
learning-layers_socialsemanticserver__4ada3cddc3,A,3,scored,heldout,2,1,1,conflict,T0,5514,0
erudika_para__a9e67cc8b3,A,2,scored,heldout,1,1,0,,T0,15959,0
northlander_a__c3f2865b88,A,2,scored,derivation,1,1,0,,T0,12869,0
jcabi_jcabi-http__0c63dd0c75,A,2,dropped_divergence,,1,0,1,conflict,,,
imixs_imixs-workflow__23b86de5b4,A,3,scored,derivation,2,2,0,,T0,10778,0
imixs_imixs-workflow__d370e1aa34,B,4,scored,derivation,2,2,0,,T0,24605,0
glowroot_glowroot__5edc6961f8,B,4,scored,derivation,3,3,0,,T2,13563,0
awslabs_amazon-kinesis-client__a207c3760c,B,5,scored,derivation,2,2,0,,T0,8710,0
awslabs_amazon-kinesis-client__ed1f9d4dca,A,3,materialization_loss,,,,,,,,
awslabs_amazon-kinesis-client__74aa7a5986,A,3,materialization_loss,,,,,,,,
gwtbootstrap3_gwtbootstrap3__5c0d1eab79,A,2,scored,derivation,1,1,0,,T0,7624,0
steveice10_packetlib__295cf3e47a,A,2,dropped_divergence,,1,0,1,conflict,,,
steveice10_mcprotocollib__b767a94417,B,7,scored,heldout,5,5,0,,T0,29192,0
steveice10_mcprotocollib__8a7d7b196b,B,8,scored,heldout,6,5,1,conflict,T2,15026,0
steveice10_mcprotocollib__5c8a435832,A,3,scored,derivation,1,1,0,,T0,2633,0
flaxsearch_luwak__666bdd192e,B,4,scored,heldout,3,3,0,,T0,25581,0
flaxsearch_luwak__7956093330,B,7,scored,heldout,2,2,0,,T0,12638,0
flaxsearch_luwak__9f54b4463e,B,4,scored,derivation,3,3,0,,T0,20038,0
theholywaffle_teamspeak-3-java-api__d41446711b,B,193,materialization_loss,,,,,,,,
mitre_http-proxy-servlet__b7a68118f2,A,2,scored,derivation,1,1,0,,T0,15763,0
jcabi_jcabi-github__b13d2596ba,A,3,scored,derivation,2,2,0,,T0,12658,0
jcabi_jcabi-github__fccaac2ed7,B,4,scored,heldout,3,3,0,,T0,15995,0
jcabi_jcabi-github__e18a8ffd16,A,2,scored,derivation,1,1,0,,T0,5841,0
jcabi_jcabi-github__27cc460e3c,A,3,scored,heldout,2,2,0,,T0,10192,0
jcabi_jcabi-github__38e175516a,A,2,materialization_loss,,,,,,,,
jcabi_jcabi-github__a3d360f703,A,2,materialization_loss,,,,,,,,
named-data_jndn__3d47402192,A,2,scored,derivation,1,1,0,,T0,2828,0
named-data_jndn__e0db451bf1,A,2,scored,heldout,1,1,0,,T2,20959,0
addthis_stream-lib__efd2e9109f,B,4,materialization_loss,,,,,,,,
mbosecke_pebble__4466be45d7,B,4,scored,heldout,2,2,0,,T0,17208,0
mbosecke_pebble__e1d07bf277,B,4,scored,derivation,2,2,0,,T0,25039,0
mbosecke_pebble__bb807558a3,B,7,scored,heldout,6,6,0,,T2,20850,0
mbosecke_pebble__617aab328f,A,3,scored,derivation,2,2,0,,T0,13076,0
javamoney_jsr354-api__6d2356a153,A,2,scored,heldout,1,1,0,,T0,20402,0
jenkinsci_ui-samples-plugin__81bf937a3d,A,2,scored,heldout,1,1,0,,T0,3805,0
eirslett_frontend-maven-plugin__d543d86d84,B,5,scored,heldout,1,1,0,,T0,3196,0
google_compile-testing__608e1cb92a,A,2,scored,heldout,1,1,0,,T0,7279,0
relayrides_pushy__21150905f2,B,4,scored,heldout,3,2,1,conflict,T0,18036,0
relayrides_pushy__6badde9538,A,2,scored,derivation,1,1,0,,T0,18975,0
urbanairship_java-library__bbe0297a10,A,3,scored,derivation,2,2,0,,T0,23789,0
premium-minds_billy__bc9db33323,B,14,scored,derivation,13,13,0,,T3,27181,0
spigotmc_bungeecord__9fa5e74c10,B,4,scored,heldout,3,3,0,,T2,14803,0
spigotmc_bungeecord__b71e3b33f3,B,12,scored,derivation,5,5,0,,T0,24284,0
spigotmc_bungeecord__8943fe2bd2,B,27,scored,derivation,8,8,0,,T2,24354,0
spigotmc_bungeecord__96db0c71b8,B,9,scored,heldout,6,6,0,,T3,29930,0
spigotmc_bungeecord__f1fe6fd925,A,2,materialization_loss,,,,,,,,
spigotmc_bungeecord__7b3dcf9d69,B,6,scored,heldout,5,5,0,,T2,23852,0
spigotmc_bungeecord__78083158f5,B,10,scored,derivation,7,7,0,,T2,14503,0
spigotmc_bungeecord__760d3618d3,B,19,scored,derivation,17,17,0,,T3/cap6,29799,0
spigotmc_bungeecord__84babbd5fe,B,12,scored,derivation,7,7,0,,T1,29074,0
jsprit_jsprit__5cf6758085,A,2,scored,heldout,1,1,0,,T3/cap1/trunc400,12586,0
jsprit_jsprit__c60ab8afd0,B,8,scored,heldout,7,7,0,,T2,12761,0
jsprit_jsprit__193d4ec85c,B,4,scored,derivation,3,3,0,,T3/cap1,25205,0
jsprit_jsprit__df2e3e4b7e,B,5,scored,derivation,4,4,0,,T3/cap3,21234,0
jsprit_jsprit__2eb2672f6c,A,3,materialization_loss,,,,,,,,
ignorance77_transformiceapi__9a65b8374f,A,2,scored,heldout,1,1,0,,T0,1383,0
mashape_unirest-java__121f85b819,A,2,scored,derivation,1,1,0,,T0,19789,0
mashape_unirest-java__b43fb95f4a,A,3,scored,derivation,1,1,0,,T0,21301,0
irstv_cts__99e5d7dd43,B,6,scored,heldout,5,5,0,,T3/cap2,28621,0
haraldwalker_user-agent-utils__eaaaa1488b,A,3,scored,derivation,2,2,0,,T2,16967,0
kongchen_swagger-maven-plugin__1e61731653,A,2,scored,heldout,1,1,0,,T0,9061,0
kongchen_swagger-maven-plugin__3d2ea22d07,A,2,scored,derivation,1,1,0,,T0,8977,0
kongchen_swagger-maven-plugin__10c79c6df1,B,5,scored,derivation,3,3,0,,T2,24429,0
joel-costigliola_assertj-core__d3dab0d22c,B,9,scored,heldout,8,8,0,,T2,23475,0
joel-costigliola_assertj-core__74baae279d,A,3,scored,derivation,2,1,1,conflict,T0,13280,0
joel-costigliola_assertj-core__a3011e7f9e,B,15,scored,derivation,11,9,2,conflict,T3/cap1,8579,0
joel-costigliola_assertj-core__df351133a9,B,16,scored,derivation,15,13,2,conflict,T3/cap5,28953,0
joel-costigliola_assertj-core__d04568906e,B,4,scored,heldout,3,3,0,,T0,27594,0
joel-costigliola_assertj-core__1b4ad829f3,A,2,scored,heldout,1,1,0,,T0,13335,0
j256_ormlite-core__606986f118,A,2,scored,derivation,1,1,0,,T0,24326,0
j256_ormlite-core__2c159335d4,A,2,scored,derivation,1,1,0,,T0,7970,0
logstash_log4j-jsonevent-layout__ee90110799,B,4,scored,derivation,2,1,1,conflict,T0,7763,0
scribble_scribble-java__e72f7c9c06,B,6,scored,heldout,2,1,1,conflict,T0,13252,0
tumblr_jumblr__31bd6f8335,A,3,scored,derivation,2,2,0,,T0,6778,0
camsys_onebusaway-application-modules__e779e9fce1,A,2,scored,derivation,1,1,0,,T0,4649,0
camsys_onebusaway-application-modules__915e2f3ffe,A,2,scored,derivation,1,1,0,,T0,5584,0
jenkinsci_credentials-plugin__e9cf377a17,B,8,scored,derivation,7,7,0,,T2,18707,0
jenkinsci_credentials-plugin__b9cb5f9d1b,A,2,scored,heldout,1,1,0,,T0,7745,0
openpnp_openpnp__a3cca4daba,A,3,scored,derivation,2,1,1,conflict,T0,14200,0
openpnp_openpnp__fb30708fe0,A,2,scored,heldout,1,1,0,,T0,14023,0
openpnp_openpnp__b62c0ce826,B,4,scored,derivation,3,3,0,,T0,19469,0
openpnp_openpnp__93126880a6,A,3,scored,derivation,1,1,0,,T0,26955,0
openpnp_openpnp__a43f3e919e,B,5,scored,derivation,4,4,0,,T3/cap1/trunc400,15916,0
apache_cayenne__f10ba77a97,B,4,scored,derivation,3,3,0,,T0,20214,0
elisarver_selophane__4ecc600017,A,3,scored,derivation,2,2,0,,T0,5897,0
sps_pushover4j__88cd636fab,A,3,scored,derivation,2,1,1,conflict,T0,5828,0
segmentio_analytics-java__0d4a7b4e69,A,3,scored,derivation,2,2,0,,T2,17824,0
mercadopago_sdk-java__9dfc950fd2,B,4,scored,derivation,3,3,0,,T2,20142,0
mercadopago_sdk-java__b7498c6f9d,A,2,scored,derivation,1,1,0,,T0,5244,0
vkostyukov_la4j__843d8ff9de,B,11,scored,derivation,9,9,0,,T2,20040,0
vkostyukov_la4j__d216aa8928,A,3,scored,derivation,2,2,0,,T0,12717,0
mixpanel_mixpanel-java__bcdd1ed28f,A,2,scored,derivation,1,1,0,,T0,4172,0
jenkinsci_coverity-plugin__62bdb6232e,A,3,scored,derivation,2,2,0,,T0,12221,0
jenkinsci_coverity-plugin__2fb8690816,A,2,scored,heldout,1,1,0,,T0,8430,0
jenkinsci_coverity-plugin__5846a9f06a,B,9,scored,heldout,8,8,0,,T3/cap5,29026,0
nuodb_migration-tools__2e1f6973c4,A,2,scored,derivation,1,1,0,,T0,4763,0
dtrules_dtrules__505c5cbf82,A,2,scored,derivation,1,1,0,,T0,3665,0
jadler-mocking_jadler__294a06c3fc,A,2,scored,derivation,1,1,0,,T0,13515,0
datastax_java-driver__725b790a79,A,3,dropped_divergence,,1,0,1,conflict,,,
datastax_java-driver__7ff4958746,A,3,scored,heldout,2,2,0,,T3,28676,0
datastax_java-driver__e1535e89ad,A,3,scored,derivation,1,1,0,,T0,9516,0
datastax_java-driver__3eb34e6785,A,3,dropped_divergence,,1,0,1,conflict,,,
datastax_java-driver__0dd96ea21f,A,2,dropped_divergence,,1,0,1,conflict,,,
datastax_java-driver__1f25c7e3a0,A,3,scored,heldout,2,1,1,conflict,T0,12370,0
jsamoocha_linksalienceclassification__7aff5753c7,B,6,scored,derivation,5,4,1,conflict,T0,26147,0
jacquesberger_jsonparsingexample__ac521954c2,A,2,scored,derivation,1,1,0,,T0,3412,0
mikera_vectorz__d93ef1b341,A,2,scored,derivation,1,1,0,,T0,11036,0
progether_jadventure__e28401af85,A,2,scored,heldout,1,1,0,,T0,3875,0
progether_jadventure__9ce4a7106c,A,3,scored,heldout,2,2,0,,T0,6149,0
comatoes_ftl-profile-editor__e87fe65818,A,2,scored,derivation,1,1,0,,T2,25667,0
kohsuke_groovy-sandbox__568cd9469a,A,3,materialization_loss,,,,,,,,
iryndin_jdbf__9853124d73,A,2,scored,derivation,1,1,0,,T0,5499,0
vijay2win_flume-cassandra-sink__38cdbeced7,B,4,scored,derivation,3,3,0,,T0,7425,0
jiaqi_jmxterm__c6a0ae5c6c,B,4,scored,derivation,3,3,0,,T0,26454,0
jnr_jnr-unixsocket__f8f34e5634,A,2,scored,heldout,1,1,0,,T0,6995,0
jnr_jnr-unixsocket__467698b6bd,A,3,scored,derivation,2,2,0,,T0,10770,0
apache_commons-collections__15b62fb08d,B,4,scored,heldout,3,3,0,,T3,24383,0
apache_commons-collections__84e70353ad,B,4,scored,derivation,2,2,0,,T2,19049,0
apache_commons-collections__3c4d7e8b40,A,2,materialization_loss,,,,,,,,
apache_commons-collections__f0c2e97529,B,4,scored,derivation,3,3,0,,T2,17096,0
sonarcommunity_sonar-scm-activity__e078d44db1,B,6,scored,derivation,5,5,0,,T0,17948,0
masterthought_cucumber-reporting__d1ecdc4a98,B,5,scored,derivation,3,3,0,,T0,15262,0
cribbstechnologies_java-mandrill-wrapper__0cf79745f1,A,3,dropped_divergence,,2,0,2,conflict,,,
fasterxml_jackson-datatype-joda__4e6c266339,A,2,scored,heldout,1,1,0,,T0,10812,0
lukas-krecan_jsonunit__3cb3260c4b,B,5,scored,derivation,4,3,1,conflict,T2,13344,0
frankbille_scoreboard__890ecd0bdb,A,2,scored,heldout,1,1,0,,T0,2508,0
dius_java-faker__4c61966b1c,A,2,scored,derivation,1,1,0,,T0,8062,0
dius_java-faker__9f0019116a,B,5,scored,derivation,3,3,0,,T3,26213,0
jenkinsci_email-ext-plugin__bbf162f5d5,B,4,scored,heldout,1,1,0,,T0,20936,0
jenkinsci_email-ext-plugin__4def0e56a8,A,2,scored,derivation,1,1,0,,T0,7310,0
driesschulten_dozer-model__c7260c73f5,B,4,scored,heldout,3,3,0,,T0,14547,0
xebia_xebium__2808ba14a8,A,2,scored,derivation,1,1,0,,T0,10349,0
xebia_xebium__a82603c978,A,2,scored,derivation,1,1,0,,T0,10376,0
apache_commons-lang__53184369d0,A,2,scored,derivation,1,1,0,,T0,18069,0
jenkinsci_build-timeout-plugin__daeab4a1ee,B,5,scored,derivation,4,4,0,,T3/cap2,25270,0
buddycloud_buddycloud-server-java__48e4675ee2,A,3,scored,derivation,2,2,0,,T0,15128,0
buddycloud_buddycloud-server-java__43c8b054e9,A,3,scored,derivation,2,2,0,,T0,17721,0
buddycloud_buddycloud-server-java__33ec3ec7cd,A,3,scored,heldout,2,2,0,,T0,14415,0
mtedone_podam__8d5f7e40f6,B,16,scored,derivation,14,14,0,,T2,26876,0
sbtourist_journal.io__f13d15914f,B,4,scored,heldout,3,3,0,,T2,21605,0
sonarcommunity_sonar-php__b155c33852,B,4,scored,heldout,2,2,0,,T0,6642,0
jenkinsci_mailer-plugin__6703bb66ee,A,3,materialization_loss,,,,,,,,
kohsuke_github-api__4e56b8bb78,A,3,scored,derivation,2,2,0,,T0,18083,0
nysenate_openlegislation__9c7cf034c1,A,3,scored,derivation,1,1,0,,T0,7643,0
nysenate_openlegislation__b8da5f2051,B,4,scored,heldout,2,2,0,,T0,14054,0
gitools_gitools__02221bf3d8,B,4,scored,derivation,3,3,0,,T0,18508,0
jboss-remoting_jboss-remoting__66a0631d13,A,2,scored,derivation,1,1,0,,T0,5469,0
jline_jline2__348cb9dada,A,3,scored,derivation,2,2,0,,T2,12581,0
jline_jline2__5acfe59453,B,5,scored,derivation,4,4,0,,T2,18443,0
jline_jline2__5869eaa93a,A,2,dropped_divergence,,1,0,1,conflict,,,
samskivert_jmustache__940af397c4,A,2,scored,heldout,1,1,0,,T0,16933,0
mpatric_mp3agic__9bf3bb134a,A,2,materialization_loss,,,,,,,,
jenkinsci_jira-plugin__6ad78581c9,A,3,scored,heldout,2,2,0,,T0,15830,0
jenkinsci_jira-plugin__0eec353cb5,A,2,scored,derivation,1,1,0,,T0,5552,0
skyscreamer_nevado__cdc23cde46,A,2,scored,heldout,1,1,0,,T0,2858,0
structr_structr__6738b144bb,B,4,scored,derivation,3,3,0,,T0,26248,0
movsim_movsim__6dae25caf7,A,3,scored,derivation,2,2,0,,T0,18418,0
movsim_movsim__00d5222b61,A,2,dropped_divergence,,1,0,1,conflict,,,
apache_shiro__13806fc623,A,2,scored,heldout,1,1,0,,T0,7276,0
ardesco_selenium-standalone-server-plugin__957d978135,B,4,scored,derivation,2,2,0,,T0,14683,0
wordnik_swagger-codegen__dbadd9a831,B,12,scored,heldout,10,4,6,conflict,T2,12052,0
sailthru_sailthru-java-client__ee1f917600,A,2,scored,derivation,1,1,0,,T0,2413,0
okleine_ncoap__99de16a6d2,A,2,scored,heldout,1,1,0,,T0,9071,0
apache_roller__1628c3a3c4,B,13,scored,heldout,12,12,0,,T2,18531,0
jakewharton_disklrucache__7f28919d2a,B,4,scored,derivation,2,2,0,,T0,27028,0
urbanairship_datacube__641b92c0fc,B,4,scored,heldout,2,2,0,,T0,12098,0
urbanairship_datacube__b8bef94f4d,A,3,scored,derivation,2,2,0,,T0,20484,0
monitorjbl_excel-streaming-reader__8698befdf4,A,3,scored,heldout,2,1,1,conflict,T0,12851,0
monitorjbl_excel-streaming-reader__5c0538482f,B,8,scored,derivation,7,6,1,conflict,T2,16877,0
ninjaframework_ninja__31737c1a10,A,3,scored,heldout,2,2,0,,T2,14968,0
ninjaframework_ninja__45bb542cb4,A,3,scored,heldout,2,2,0,,T0,5752,0
ninjaframework_ninja__663883c228,A,3,scored,derivation,2,2,0,,T0,8656,0
ninjaframework_ninja__94b2365be3,A,3,scored,derivation,2,2,0,,T0,10374,0
thenewcircle_spring-hibernate-20120924__7ec9c1b4bb,A,2,scored,derivation,1,1,0,,T0,6735,0
k3po_k3po__084cc0b426,A,2,scored,heldout,1,1,0,,T0,3433,0
jboss-msc_jboss-msc__a4e21a3b10,A,2,scored,derivation,1,1,0,,T0,8866,0
jboss-msc_jboss-msc__1d9b8d45ff,A,2,scored,derivation,1,1,0,,T0,8504,0
tridentsdk_tridentsdk__004679e5bb,A,3,scored,heldout,1,1,0,,T0,12336,0
apache_opennlp__8240a2c660,B,10,scored,derivation,9,9,0,,T3/cap8,27154,0
apache_opennlp__1f7ecee315,A,2,materialization_loss,,,,,,,,
cloudfoundry_cf-java-client__b0add1ef2a,A,2,scored,derivation,1,1,0,,T2,17232,0
cloudfoundry_cf-java-client__80d0a0dff9,A,2,scored,derivation,1,1,0,,T0,17650,0
cloudfoundry_cf-java-client__9f6b79e294,A,2,scored,heldout,1,1,0,,T2,25726,0
cloudfoundry_cf-java-client__a9d35d542d,A,3,scored,derivation,2,2,0,,T2,16083,0
cloudfoundry_cf-java-client__933add90ad,A,2,scored,heldout,1,1,0,,T0,24593,0
cloudfoundry_cf-java-client__eb3b2f5beb,A,2,scored,derivation,1,1,0,,T0,7568,0
cloudfoundry_cf-java-client__a69078adc8,A,3,scored,derivation,2,2,0,,T0,19642,0
cloudfoundry_cf-java-client__be097d5860,A,3,scored,derivation,2,2,0,,T0,14049,0
qcadoo_mes__c6cb8180e5,B,4,scored,derivation,2,2,0,,T0,28372,0
fasterxml_jackson-core__2572819ed9,A,2,scored,heldout,1,1,0,,T0,4343,0
fasterxml_jackson-core__cd12b954a6,B,5,scored,heldout,4,4,0,,T0,26202,0
winder_universal-g-code-sender__bc742cb4c4,A,2,scored,derivation,1,1,0,,T0,7258,0
winder_universal-g-code-sender__84d687330a,A,3,scored,heldout,2,2,0,,T0,13601,0
winder_universal-g-code-sender__c93fec43ee,A,2,scored,derivation,1,1,0,,T0,9470,0
onebusaway_onebusaway-application-modules__e779e9fce1,A,2,scored,derivation,1,1,0,,T0,4653,0
onebusaway_onebusaway-application-modules__915e2f3ffe,A,2,scored,derivation,1,1,0,,T0,5588,0
greese_dasein-cloud-core__6c37152e5f,A,2,scored,derivation,1,1,0,,T0,8817,0
tcurdt_jdeb__77d052996a,A,3,scored,derivation,2,2,0,,T0,14212,0
alesaudate_kickstart-springjerseyhibernate__feb36bfc8e,A,2,dropped_divergence,,1,0,1,conflict,,,
garbagemule_mobarena__b34dc0d5ac,A,3,scored,derivation,1,1,0,,T0,7436,0
bguerout_jongo__3aaaf0e4c7,A,3,scored,derivation,1,1,0,,T0,2849,0
zxing_zxing__26d5d13836,B,4,scored,heldout,3,3,0,,T3,28033,0
fluentlenium_fluentlenium__adba3e9556,B,4,scored,heldout,1,1,0,,T0,1961,0
fluentlenium_fluentlenium__6be832b8bb,B,7,scored,heldout,4,3,1,conflict,T0,20791,0
apache_avro__35b891ebf8,A,2,materialization_loss,,,,,,,,
jenkinsci_ldap-plugin__3eee59e25a,A,2,scored,heldout,1,1,0,,T2,20996,0
clojure_clojure__77342d2e35,A,3,scored,heldout,1,1,0,,T2,21915,0
